Temperature,Relative_Humidity,Specific_Humidity,Precipitation,Pressure,Wind_Speed,Wind_Direction
26.4,84.5,19.35,0.0,100.37,2.64,96.75
26.67,79.38,17.03,0.0,100.37,2.81,90.94
26.91,77.19,19.35,0.0,100.37,2.59,106.56
26.06,80.62,16.85,0.0,100.37,2.52,115.0
26.54,84.5,19.35,0.0,100.34,3.47,83.19
26.63,79.31,19.35,0.0,100.37,3.06,103.19
25.89,83.12,17.21,0.0,100.22,3.86,98.5
25.99,81.31,16.78,0.0,100.25,2.59,112.88
26.44,84.5,19.35,0.0,100.37,3.05,119.69
26.78,84.5,16.42,0.0,100.37,2.59,191.62
26.55,77.44,19.35,0.0,100.37,2.59,122.31
26.52,79.31,16.91,0.0,100.37,1.75,191.62
27.84,84.5,19.35,0.0,100.37,1.6,268.69
25.81,84.94,19.35,0.0,100.31,1.57,183.12
25.48,87.81,19.35,0.0,100.37,2.59,191.62
25.45,88.12,17.82,0.0,100.37,3.34,191.62
26.27,84.5,19.35,0.0,100.37,2.59,103.94
26.64,84.5,19.35,0.03,100.37,1.98,191.62
26.29,76.88,16.17,0.09,100.37,2.59,191.62
26.09,84.5,19.35,0.73,100.65,2.11,104.62
25.9,84.5,15.87,0.0,100.81,2.59,74.38
26.29,84.5,15.69,0.01,100.81,2.71,191.62
26.51,70.81,19.35,0.0,100.37,2.23,72.31
26.52,74.62,15.81,0.58,100.77,2.59,71.69
26.76,84.5,19.35,1.69,100.78,2.15,81.56
26.89,84.5,19.35,0.05,100.37,2.69,191.62
25.24,64.38,12.45,0.0,100.72,2.12,56.69
25.39,66.75,19.35,0.0,100.61,2.08,191.62
26.07,74.19,19.35,0.0,100.63,2.59,191.62
25.83,84.5,15.75,0.0,100.58,2.59,191.62
26.76,70.94,15.08,0.0,100.37,2.59,191.62
27.19,84.5,19.35,1.61,100.55,1.62,191.62
25.91,86.62,18.01,3.85,100.37,1.19,301.69
25.87,80.69,19.35,0.25,100.37,2.59,191.62
27.17,84.5,19.35,0.0,100.37,1.15,171.06
27.46,84.5,19.35,0.0,100.37,2.65,238.56
27.22,84.5,14.65,0.01,100.37,2.12,196.5
25.8,66.5,19.35,0.0,100.37,2.59,178.56
25.93,67.12,12.88,0.0,100.37,1.84,130.12
26.88,68.12,19.35,0.0,100.37,1.93,191.62
26.77,69.69,19.35,0.0,100.37,2.59,166.88
27.05,84.5,12.21,0.0,100.8,3.23,58.56
25.97,84.5,19.35,0.0,100.91,1.97,45.19
26.3,84.5,19.35,0.0,100.98,1.95,67.75
26.58,61.31,12.57,0.0,100.37,2.59,63.69
26.9,84.5,19.35,0.0,100.93,2.59,57.25
25.21,84.5,10.74,0.0,100.84,2.59,191.62
26.76,64.62,13.49,0.0,100.77,2.78,98.44
28.23,64.12,14.47,0.0,100.77,1.82,122.69
28.03,64.5,14.59,0.01,100.61,2.59,169.31
27.51,69.56,15.26,0.0,100.47,3.07,125.81
28.9,84.5,19.35,0.0,100.37,3.09,125.56
28.7,70.19,16.48,0.49,100.55,3.84,116.0
29.05,65.75,15.26,0.0,100.37,2.59,191.62
28.92,66.12,15.44,0.09,100.65,4.39,116.62
29.62,84.5,19.35,0.0,100.49,2.55,92.38
29.03,84.5,19.35,1.05,100.47,2.34,191.62
29.93,84.5,19.35,0.01,100.51,2.61,63.69
30.03,55.06,13.67,0.1,100.44,2.48,84.81
29.99,56.75,14.22,0.48,100.46,1.77,105.06
29.6,84.5,13.31,0.0,100.37,2.59,191.62
28.9,84.5,19.35,0.0,100.37,2.59,191.62
28.6,84.5,12.88,0.0,100.35,2.59,161.94
28.16,84.5,19.35,0.0,100.38,2.59,191.62
28.41,66.31,19.35,0.0,100.36,3.09,140.69
28.37,60.38,19.35,0.0,100.37,4.29,132.81
27.99,62.81,13.31,0.0,100.37,4.19,120.81
28.12,60.62,19.35,0.0,100.37,2.59,191.62
28.64,61.75,13.61,0.0,100.37,4.19,191.62
28.62,64.19,14.28,0.0,100.37,2.59,143.75
28.74,84.5,19.35,0.0,100.37,3.4,150.06
29.62,84.5,19.35,0.0,100.37,3.23,191.62
28.44,84.5,19.35,0.01,100.51,3.31,156.31
29.5,63.38,15.26,0.01,100.37,4.2,134.31
29.29,67.69,19.35,0.0,100.35,4.5,191.62
29.51,65.44,19.35,0.0,100.37,4.99,129.94
29.34,66.56,15.99,0.44,100.37,2.59,191.62
29.37,67.62,16.48,0.02,100.59,3.87,134.44
30.45,59.94,15.08,0.0,100.37,2.59,128.44
30.14,62.62,15.93,0.0,100.37,3.91,191.62
29.26,84.5,19.35,0.0,100.37,4.16,153.56
29.73,63.19,19.35,0.0,100.41,2.59,131.69
30.02,63.56,15.93,0.0,100.51,5.44,128.31
29.64,84.5,19.35,0.0,100.37,5.62,118.88
29.58,59.12,13.67,0.25,100.37,2.59,113.31
30.26,84.5,19.35,0.0,100.37,2.59,191.62
30.79,54.0,14.1,0.11,100.37,4.07,109.25
29.48,84.5,14.89,0.21,100.37,2.59,191.62
30.26,84.5,14.1,0.05,100.37,2.59,107.94
30.3,60.12,15.44,0.37,100.37,2.59,117.94
28.24,84.5,16.48,0.0,100.59,2.89,191.62
29.61,61.75,15.08,2.41,100.37,2.32,97.94
29.44,65.0,19.35,0.0,100.37,2.59,150.69
29.97,62.06,19.35,0.0,100.37,2.59,135.56
28.17,69.25,19.35,1.13,100.37,2.59,109.25
27.59,77.94,17.52,14.17,100.37,3.54,105.69
28.51,73.69,19.35,0.06,100.37,2.59,117.44
29.73,67.12,19.35,0.0,100.38,5.17,123.12
30.06,66.94,16.97,0.0,100.33,4.95,191.62
30.54,84.5,19.35,0.0,100.26,2.59,191.62
31.29,84.5,16.78,0.0,100.2,3.41,157.94
31.43,62.75,19.35,0.0,100.37,3.94,191.62
30.87,61.88,16.11,0.0,100.37,2.59,191.62
30.85,84.5,19.35,0.0,100.45,5.38,120.25
30.97,56.0,19.35,0.0,100.37,2.59,115.75
30.9,84.5,19.35,0.0,100.37,5.34,132.5
31.26,58.31,19.35,0.0,100.42,3.91,191.62
31.62,84.5,19.35,0.0,100.37,3.33,158.81
31.83,84.5,19.35,0.0,100.37,2.59,177.5
31.92,84.5,16.6,0.0,100.37,4.01,176.69
32.34,84.5,19.35,0.0,100.31,3.64,191.19
32.37,59.56,16.85,4.25,100.29,2.59,206.12
30.51,84.5,19.35,0.0,100.37,2.89,159.06
30.05,66.06,19.35,0.0,100.37,3.4,139.94
30.05,84.5,19.35,0.0,100.42,2.59,191.62
31.62,84.5,19.35,0.0,100.38,3.55,145.81
30.58,63.81,16.97,1.69,100.42,2.3,154.38
31.31,53.62,19.35,1.59,100.44,4.19,125.5
31.23,60.62,19.35,1.39,100.5,3.39,191.62
31.01,62.75,19.35,0.0,100.37,3.26,191.62
31.55,62.19,17.09,1.8,100.45,2.94,151.38
30.19,67.0,19.35,0.73,100.37,2.59,191.62
31.78,84.5,19.35,0.05,100.41,1.84,164.0
31.41,84.5,17.4,0.0,100.37,2.59,191.62
30.5,84.5,19.35,0.0,100.53,2.59,191.62
29.4,71.0,17.64,0.9,100.66,3.92,111.31
30.37,63.5,16.36,0.21,100.6,3.34,124.56
30.59,84.5,16.42,0.0,100.37,3.65,191.62
29.72,84.5,19.35,0.0,100.37,2.59,191.62
29.4,68.56,17.09,1.59,100.48,2.59,109.44
30.46,61.56,15.93,1.79,100.37,4.26,111.31
30.93,60.44,15.99,0.47,100.34,4.62,120.75
30.58,84.5,19.35,0.81,100.37,2.59,191.62
28.28,84.5,19.35,3.86,100.37,2.61,191.62
29.1,76.44,18.92,2.98,100.16,2.58,147.38
28.5,84.5,19.35,0.0,100.14,2.5,191.62
28.65,84.5,19.35,13.36,100.37,1.55,191.62
28.98,84.5,19.35,0.0,100.37,2.59,202.44
28.52,84.81,19.35,0.0,100.37,2.59,230.44
28.8,82.38,19.35,0.0,100.13,2.64,234.06
29.33,84.5,19.96,1.66,100.37,3.09,191.62
28.92,84.5,19.35,3.12,100.37,2.59,221.31
29.45,76.75,19.35,0.0,100.22,2.78,224.88
29.73,84.5,19.35,0.0,100.16,2.84,231.81
30.19,71.75,18.62,0.0,100.37,2.69,191.62
29.26,84.5,19.35,0.0,100.37,2.92,228.69
28.84,79.25,19.29,3.45,100.16,2.97,230.75
28.88,78.69,19.17,6.37,100.37,2.59,238.25
27.98,84.5,19.47,4.43,100.37,2.59,251.56
28.03,84.5,19.35,2.46,100.34,2.03,184.81
29.4,75.5,19.35,0.0,100.37,2.59,194.5
29.25,84.5,19.35,0.0,100.37,2.77,220.19
29.15,84.5,19.35,0.0,100.31,3.91,236.0
29.14,84.5,19.35,0.0,100.35,2.59,234.12
28.33,84.5,19.65,0.0,100.37,2.59,241.38
28.1,84.5,18.92,0.0,100.37,3.9,191.62
27.04,83.94,19.35,0.0,100.37,3.57,218.69
27.78,84.5,17.88,0.0,100.37,2.59,240.31
28.26,84.5,18.01,1.8,100.37,2.59,191.62
29.67,71.5,17.88,0.47,100.23,3.02,229.25
28.4,79.25,18.92,0.0,100.37,2.59,241.56
28.22,77.69,18.13,4.47,100.38,3.94,254.62
28.57,84.5,19.35,0.0,100.28,2.59,251.44
29.76,68.5,19.35,0.0,100.37,2.59,191.62
28.22,78.12,19.35,1.0,100.48,2.59,191.62
29.67,84.5,19.35,0.0,100.38,2.54,239.5
29.69,84.5,19.35,0.52,100.29,2.47,191.62
28.25,82.31,19.59,15.48,100.37,2.59,220.44
28.6,84.5,19.35,2.62,100.17,3.37,220.5
29.17,84.5,19.35,0.0,100.18,3.64,239.44
28.36,77.5,19.35,0.0,100.23,2.59,191.62
27.53,84.5,19.47,17.05,100.22,2.59,191.62
26.05,84.5,19.35,0.0,100.37,2.59,243.75
26.94,83.44,19.35,1.29,100.21,3.09,259.69
26.56,86.06,18.62,0.0,100.14,3.06,191.62
27.11,84.5,18.13,0.0,100.37,3.21,248.25
27.51,84.5,19.35,0.0,100.37,2.59,191.62
27.67,82.81,19.04,0.0,100.37,2.59,191.62
27.26,87.56,19.71,0.0,100.37,2.59,189.0
27.41,84.75,19.23,0.87,100.37,2.52,198.25
27.51,84.5,19.35,0.0,100.28,2.41,209.31
27.68,82.94,19.35,0.0,100.37,2.59,191.62
28.2,80.06,19.35,0.0,100.37,2.59,248.44
27.9,81.69,19.04,0.16,100.27,2.73,249.38
27.88,79.12,19.35,0.0,100.37,2.59,191.62
27.05,84.5,18.62,0.0,100.37,2.59,256.0
26.58,84.5,18.49,0.0,100.44,2.59,191.62
27.52,81.31,19.35,4.12,100.37,2.87,191.62
27.92,79.94,19.35,2.22,100.37,2.59,191.62
27.76,82.12,19.35,8.46,100.41,2.27,252.5
27.44,84.5,19.35,0.0,100.33,2.82,191.62
26.56,84.5,19.35,0.0,100.37,2.84,243.38
26.8,84.19,19.35,0.0,100.37,2.59,237.06
26.61,84.5,18.92,0.0,100.37,3.62,191.62
25.72,84.5,18.19,7.93,100.37,4.42,247.69
26.25,84.5,19.35,0.0,100.18,5.36,250.56
25.93,87.5,19.35,0.0,100.37,2.59,243.94
25.83,85.62,19.35,7.66,100.37,4.07,191.62
26.12,84.5,19.35,0.0,100.48,2.91,228.19
25.51,89.25,18.19,0.0,100.37,2.59,191.62
26.05,84.5,19.35,0.0,100.23,4.09,256.5
25.8,84.5,18.25,0.0,100.37,3.4,191.62
26.6,84.5,19.35,0.0,100.41,2.59,191.62
26.8,85.31,18.68,2.23,100.28,3.67,253.5
26.31,84.5,19.35,0.0,100.37,2.59,253.12
25.55,84.5,19.35,8.18,100.37,2.59,235.69
26.48,84.5,19.04,0.0,100.37,2.59,229.94
26.23,84.5,19.35,10.68,100.19,4.15,234.81
26.9,87.06,19.23,0.14,100.3,2.59,231.5
27.38,84.5,19.47,0.07,100.37,4.52,191.62
27.58,84.5,19.35,2.25,100.16,4.73,237.25
27.4,84.5,19.35,0.0,100.37,4.48,191.62
27.59,84.5,19.35,1.73,100.37,2.59,233.62
27.54,88.69,19.35,6.53,100.37,2.59,191.62
27.4,84.5,20.45,0.0,100.37,2.59,191.62
26.91,90.12,20.02,0.0,100.07,2.59,225.06
26.41,84.5,19.47,0.0,100.37,2.59,222.19
27.22,84.5,19.35,4.21,100.32,2.59,191.62
27.44,87.38,19.9,0.0,100.37,2.59,256.06
27.46,84.5,19.35,0.0,100.4,2.42,235.38
27.08,87.56,19.35,0.11,100.42,2.59,191.62
26.83,84.5,19.71,0.14,100.34,2.59,233.38
27.08,88.62,19.84,0.0,100.3,2.59,191.62
27.23,84.5,19.35,1.25,100.33,2.59,232.5
27.52,86.94,19.9,0.0,100.37,2.59,218.88
27.22,84.5,19.35,5.19,100.4,2.75,222.44
26.69,90.31,19.35,0.0,100.37,3.12,232.31
26.46,88.62,19.35,2.68,100.37,2.46,191.62
26.0,88.88,18.68,5.18,100.14,3.01,248.44
25.23,86.94,19.35,0.0,100.37,2.59,269.19
26.55,85.94,18.55,0.76,100.26,2.54,248.62
26.65,84.5,19.35,2.49,100.23,2.76,257.62
26.9,84.5,19.35,0.0,100.11,2.59,191.62
26.58,89.75,19.35,0.0,100.37,4.02,251.5
25.83,92.25,19.35,0.0,100.18,3.86,242.19
26.9,87.0,19.17,2.96,100.21,2.97,245.62
26.48,84.5,19.35,19.44,100.37,2.89,191.62
25.86,84.5,19.35,0.0,100.0,3.55,251.94
26.16,84.5,19.35,0.0,100.08,3.62,221.62
26.98,84.5,19.35,0.68,100.24,2.91,191.62
27.12,85.38,19.35,0.0,100.27,2.59,191.62
26.9,86.5,19.1,0.1,100.32,1.88,219.62
27.15,84.5,19.35,0.15,100.37,2.59,191.62
27.24,84.5,19.47,0.0,100.36,2.59,191.62
27.54,84.62,19.29,0.09,100.37,3.1,257.0
27.78,85.19,19.35,0.0,100.24,2.59,191.62
27.49,87.81,19.35,0.0,100.3,2.74,191.62
27.89,84.5,19.78,0.0,100.37,2.59,191.62
27.6,84.5,19.35,0.0,100.37,2.0,228.62
27.69,86.44,20.02,1.86,100.37,1.9,214.0
28.08,83.44,19.71,0.12,100.36,1.36,191.06
27.73,84.62,19.35,0.0,100.37,2.59,152.88
27.86,81.88,19.35,1.06,100.37,1.63,150.75
27.29,84.5,19.59,3.92,100.42,2.59,191.62
27.39,83.12,19.35,2.44,100.41,2.7,251.06
28.15,84.5,19.35,8.69,100.37,2.59,191.62
27.48,86.62,19.35,2.22,100.03,3.13,268.38
27.27,88.12,19.96,0.0,100.09,2.59,191.62
27.17,84.5,19.35,7.55,100.34,3.81,191.62
27.55,84.5,19.35,0.54,100.37,2.59,255.62
27.76,84.5,19.53,0.0,100.37,2.59,191.62
27.18,88.38,19.35,0.0,100.37,2.13,264.62
26.77,87.56,19.35,0.0,100.37,2.59,207.5
26.9,84.5,19.35,0.0,100.37,2.59,193.06
26.3,88.12,19.35,0.0,100.37,2.05,211.62
26.52,89.19,19.35,0.0,100.37,3.11,191.62
26.31,89.75,19.35,0.0,100.25,3.27,224.81
26.62,84.5,19.84,0.0,100.25,2.59,191.62
26.58,84.5,19.23,0.0,100.34,1.99,253.12
27.13,87.81,19.35,0.56,100.37,2.59,191.62
26.9,84.5,19.35,2.38,100.27,2.03,242.5
27.38,85.88,19.41,5.19,100.35,2.59,191.62
26.91,84.5,19.78,6.03,100.47,2.59,191.62
26.84,84.5,19.41,0.0,100.37,2.59,191.62
26.11,91.31,19.35,14.78,100.27,2.59,191.62
25.96,84.5,19.35,0.0,100.38,1.83,191.62
26.94,83.94,19.35,0.0,100.43,2.59,191.62
27.79,84.5,19.35,1.66,100.37,1.35,257.94
26.61,84.5,19.35,0.0,100.37,1.74,210.5
26.29,89.44,19.35,0.0,100.37,2.59,197.56
27.84,81.81,19.04,4.02,100.15,1.98,123.62
27.21,85.75,19.35,14.39,100.37,1.73,200.75
27.67,83.81,19.35,0.07,100.37,2.59,158.44
26.98,88.56,19.78,4.48,100.17,2.59,200.0
27.47,85.62,19.59,0.0,100.37,2.59,245.12
26.58,84.5,20.26,0.0,100.37,2.75,191.62
26.05,84.5,19.35,22.24,100.14,2.49,191.62
26.02,84.5,19.35,9.27,100.09,2.59,191.62
26.34,89.88,19.35,1.57,100.19,3.26,259.12
25.86,84.5,19.17,9.2,100.37,2.59,191.62
25.94,84.5,19.35,20.04,100.37,2.59,191.62
26.25,84.5,19.35,0.0,100.37,2.44,291.44
26.63,84.5,19.41,7.34,100.42,1.78,193.56
26.07,92.62,19.35,4.7,100.37,2.59,191.62
26.45,90.88,19.59,11.64,100.43,2.88,160.31
25.77,92.44,19.35,0.0,100.37,3.32,146.38
27.05,86.12,19.04,0.0,100.37,2.59,147.62
27.08,84.5,19.1,0.59,100.37,2.59,204.44
26.8,84.06,19.35,0.0,100.37,2.09,161.12
26.35,85.25,19.35,4.22,100.4,1.48,243.19
26.76,84.5,19.35,0.69,100.44,0.98,194.81
26.61,80.81,19.35,0.0,100.37,2.59,59.25
25.98,84.5,16.85,0.02,100.48,2.34,86.06
25.64,85.62,17.52,0.0,100.37,1.76,152.38
25.71,91.94,19.04,22.41,100.33,2.59,151.56
26.72,84.5,18.86,0.0,100.2,2.59,75.94
26.09,84.5,16.6,0.0,100.37,1.55,157.62
24.55,84.5,19.35,0.0,100.37,4.27,246.0
26.4,84.5,19.35,0.0,100.37,2.77,124.5
27.16,84.5,19.35,0.0,100.37,0.85,145.44
26.58,88.94,19.35,0.91,100.31,1.71,183.94
26.93,86.31,19.04,0.0,100.37,2.59,191.62
26.51,84.5,18.13,0.0,100.37,2.01,127.56
26.8,84.5,19.35,3.31,100.31,2.59,191.62
26.54,84.5,19.35,1.83,100.35,1.4,146.0
26.6,89.12,19.35,0.1,100.28,2.32,144.56
26.04,84.5,19.35,1.56,100.28,1.61,130.31
26.52,87.44,19.35,0.0,100.37,2.5,123.5
26.65,84.5,19.35,0.0,100.37,2.75,191.62
26.81,88.44,19.35,0.0,100.42,2.85,191.62
27.33,84.5,19.35,0.0,100.33,2.59,191.62
27.78,84.5,19.96,0.0,100.2,1.81,196.94
26.38,84.5,19.35,11.36,100.17,2.59,191.62
26.03,84.5,19.35,0.0,100.38,4.0,130.62
26.63,87.06,19.35,0.0,100.37,2.59,191.62
27.37,84.5,19.35,0.0,100.25,1.87,136.5
27.26,86.81,19.59,1.07,100.28,2.59,155.94
26.97,87.25,19.35,1.0,100.34,2.31,87.31
26.5,84.5,19.35,0.0,100.37,1.75,181.62
27.23,83.44,19.35,0.21,100.45,2.59,191.62
27.12,84.44,18.86,0.0,100.37,2.59,191.62
25.98,87.81,18.37,2.89,100.31,2.33,73.94
25.55,90.0,18.43,9.76,100.37,2.59,83.0
26.33,84.25,17.88,1.01,100.29,2.59,96.62
26.84,84.5,19.35,1.13,100.37,1.62,191.62
26.64,84.5,19.35,0.0,100.31,2.59,191.62
26.76,84.5,19.35,0.0,100.35,1.83,191.62
26.77,89.12,19.35,0.0,100.37,2.59,102.38
26.23,84.5,18.43,1.25,100.42,2.59,82.25
26.6,84.5,17.46,0.03,100.44,1.13,176.44
27.56,84.5,18.13,0.0,100.37,2.59,132.06
26.44,80.19,17.09,0.2,100.57,1.55,61.44
24.55,76.44,19.35,0.0,100.65,2.59,110.25
24.01,78.62,19.35,0.0,100.37,2.59,137.06
24.82,81.31,15.62,0.0,100.66,1.95,132.12
25.37,84.06,16.85,0.02,100.66,1.51,214.31
26.01,84.44,17.52,0.45,100.58,1.73,204.06
26.74,81.5,17.64,0.0,100.37,2.59,233.62
26.68,84.5,19.35,0.0,100.37,2.59,191.38
26.54,78.62,16.78,0.0,100.64,1.77,54.75
24.55,73.19,19.35,0.0,100.8,2.59,191.62
21.96,72.19,11.66,0.0,100.84,3.96,141.0
21.46,84.5,19.35,0.01,100.37,2.59,191.62
19.9,71.5,19.35,0.0,100.37,4.8,179.75
22.48,76.31,12.94,0.77,100.37,2.59,191.62
24.89,84.5,16.11,2.52,100.48,2.52,185.56
26.69,84.5,19.35,0.0,100.32,1.05,146.06
25.11,84.5,19.35,0.0,100.34,2.52,191.62
23.15,84.5,19.35,0.0,100.18,5.15,172.75
24.92,84.81,19.35,0.0,100.39,2.59,96.19
25.83,84.5,19.35,1.73,100.46,2.59,191.62
26.77,84.5,19.35,0.0,100.46,2.16,183.25
26.99,84.5,17.82,0.0,100.51,2.59,128.62
26.76,84.5,19.35,0.0,100.37,2.59,68.88
24.97,84.5,19.35,0.0,100.37,3.13,102.12
24.98,84.5,19.35,0.0,100.41,1.91,110.94
25.37,71.69,14.16,0.0,100.37,1.72,82.31
26.55,84.5,19.35,0.0,100.3,1.85,157.75
27.29,78.0,19.35,0.05,100.37,2.59,191.62
26.9,84.5,19.35,0.0,100.28,2.85,140.88
26.49,80.56,19.35,0.0,100.37,2.59,128.56
26.51,82.0,19.35,0.0,100.37,2.59,129.75
27.01,79.19,17.15,0.04,100.48,3.07,123.0
27.53,84.5,19.35,0.0,100.54,2.59,191.62
27.54,84.5,19.35,0.0,100.37,1.88,191.62
25.86,84.5,19.35,0.0,100.65,2.59,76.94
24.76,84.5,19.35,0.0,100.69,2.3,40.75
24.83,84.5,12.57,0.0,100.65,1.81,154.12
25.32,84.5,14.16,0.0,100.62,1.34,221.88
25.7,73.12,14.77,0.0,100.37,2.59,203.31
26.44,84.5,19.35,0.0,100.38,2.59,191.62
27.05,72.19,15.44,0.0,100.37,1.4,180.75
27.16,84.5,19.35,0.0,100.33,1.65,213.5
26.05,84.5,19.35,10.44,100.4,1.77,175.81
26.9,76.75,19.35,0.0,100.34,2.48,74.0
27.12,84.5,19.35,1.78,100.26,1.32,217.44
26.9,84.5,17.64,0.0,100.37,2.59,191.62
27.63,77.88,19.35,0.0,100.37,2.59,139.25
27.69,73.38,16.54,0.0,100.37,2.59,125.06
27.58,84.5,16.48,0.0,100.15,2.59,149.19
28.06,71.0,19.35,0.0,100.37,2.59,177.5
28.31,70.62,16.3,0.0,100.25,1.55,103.19
28.12,84.5,19.35,0.0,100.37,1.75,191.62
28.12,84.5,16.97,2.71,100.39,1.45,182.44
27.98,73.38,16.66,0.0,100.37,1.67,203.0
28.28,84.5,16.48,0.0,100.52,2.59,191.62
28.34,84.5,14.83,0.19,100.54,1.88,148.44
27.96,65.69,14.77,0.0,100.64,1.3,134.75
27.25,84.5,19.35,0.0,100.71,2.43,29.69
25.54,84.5,19.35,0.0,100.37,2.13,194.38
25.13,58.5,10.86,0.0,100.89,1.7,95.0
23.87,84.5,10.01,0.0,100.37,1.6,191.62
24.26,84.5,19.35,0.0,100.75,2.59,191.62
24.69,65.0,19.35,0.0,100.37,2.81,191.62
25.45,67.5,12.7,0.0,100.63,2.32,171.38
26.19,67.0,13.12,0.0,100.7,2.35,212.12
26.81,84.5,19.35,0.0,100.75,1.94,149.44
27.51,84.5,19.35,0.0,100.86,2.31,45.94
27.11,56.31,11.78,0.0,100.37,2.59,150.06
27.41,61.69,12.94,0.0,100.37,2.28,246.62
27.65,84.5,13.61,0.0,100.37,2.59,191.62
28.15,66.38,19.35,0.0,100.37,2.79,173.12
28.33,66.44,19.35,0.0,100.47,2.77,191.62
28.49,84.5,15.99,0.0,100.45,2.59,191.62
28.88,62.5,14.47,0.0,100.37,4.38,191.62
28.76,84.5,13.31,0.0,100.37,2.59,191.62
28.69,84.5,14.47,0.07,100.31,3.99,123.25
29.6,84.5,19.35,0.0,100.29,3.62,118.0
30.07,84.5,13.79,0.0,100.37,3.79,110.38
29.62,53.81,12.39,0.0,100.37,3.53,113.06
29.84,56.75,13.67,0.0,100.5,2.66,110.38
30.27,49.06,12.02,0.0,100.37,2.59,191.62
30.04,84.5,13.37,0.0,100.4,2.59,191.62
30.36,55.88,14.34,0.0,100.36,3.09,93.5
30.08,84.5,15.38,0.0,100.3,4.07,127.06
29.12,84.5,19.35,0.0,100.33,3.55,131.5
29.29,84.5,19.35,0.02,100.37,4.26,191.62
30.19,84.5,19.35,0.0,100.37,3.78,141.56
30.03,63.75,15.99,0.0,100.37,2.59,191.62
30.03,61.19,19.35,0.0,100.41,4.45,128.56
30.49,84.5,19.35,0.0,100.37,4.41,119.94
30.67,84.5,19.35,0.0,100.37,2.59,191.62
31.2,46.56,19.35,0.0,100.37,2.59,73.0
30.39,84.5,19.35,0.0,100.53,2.38,191.62
29.8,46.69,19.35,0.0,100.37,2.59,120.56
30.47,84.5,19.35,0.0,100.37,2.6,147.0
30.23,53.56,13.67,0.0,100.48,2.86,145.75
29.99,84.5,19.35,0.0,100.37,2.59,133.69
29.48,84.5,19.35,0.41,100.37,2.59,144.88
28.63,68.62,19.35,0.0,100.51,3.93,124.69
29.69,62.69,15.08,0.0,100.37,5.17,121.38
30.35,84.5,14.16,0.0,100.53,2.59,191.62
30.56,84.5,14.65,0.0,100.37,2.59,191.62
30.35,84.5,19.35,0.03,100.41,4.32,191.62
30.63,56.88,14.65,0.0,100.37,3.5,123.81
29.76,59.38,19.35,0.0,100.37,2.59,127.38
29.91,53.88,13.12,0.0,100.37,2.59,118.94
30.47,51.19,12.88,0.0,100.48,2.59,97.06
30.3,52.69,13.31,0.01,100.62,2.91,154.44
30.83,84.5,12.88,0.0,100.59,2.59,136.44
30.04,84.5,19.35,0.0,100.48,2.8,189.69
29.8,58.94,14.59,0.33,100.44,3.08,221.69
29.54,84.5,19.35,0.0,100.37,4.59,146.06
29.28,62.0,19.35,0.0,100.37,2.59,124.44
30.23,57.06,19.35,0.0,100.37,2.11,139.31
30.62,52.5,13.0,0.0,100.37,2.59,191.62
29.9,84.5,12.7,0.0,100.37,2.59,191.62
30.02,55.94,19.35,0.0,100.37,2.89,191.62
29.95,84.5,19.35,0.0,100.33,4.53,133.12
30.15,58.62,19.35,0.0,100.28,4.6,132.69
30.25,61.0,19.35,0.01,100.37,4.8,191.62
31.71,84.5,13.73,0.0,100.37,2.59,82.69
31.62,46.19,19.35,0.0,100.5,2.59,191.62
31.25,47.94,19.35,0.0,100.37,4.73,107.75
31.76,52.81,19.35,0.02,100.35,4.08,112.81
32.1,56.88,15.81,0.0,100.27,4.41,127.0
31.9,84.5,19.35,0.01,100.25,2.59,191.62
31.7,84.5,15.93,0.0,100.37,2.59,131.38
31.89,84.5,19.35,0.0,100.22,4.97,131.19
32.23,84.5,19.35,0.01,100.24,4.04,191.62
32.94,84.5,15.14,0.01,100.37,2.59,120.69
33.06,48.81,14.4,0.0,100.37,2.54,191.62
31.6,55.69,15.32,0.0,100.43,3.7,179.81
31.47,84.5,19.35,0.0,100.32,2.59,191.62
31.9,84.5,14.47,0.0,100.3,2.59,191.62
31.48,84.5,19.35,0.05,100.33,2.59,134.5
31.07,84.5,16.54,0.0,100.3,4.71,191.62
31.4,60.44,16.54,2.67,100.21,3.38,141.19
31.25,84.5,19.35,2.12,100.21,2.59,126.88
32.58,84.5,15.26,0.0,100.22,2.59,129.62
32.27,54.12,15.44,0.26,100.33,3.19,129.25
32.48,84.5,19.35,0.11,100.37,2.59,191.62
32.15,53.69,15.2,0.2,100.43,3.95,120.62
31.62,59.12,19.35,0.0,100.42,4.55,135.94
30.55,63.56,16.3,9.82,100.44,3.45,139.31
31.31,84.5,16.42,0.0,100.45,2.77,191.62
30.99,84.5,16.11,0.0,100.37,2.59,191.62
31.04,60.12,16.42,0.08,100.51,2.3,113.25
29.71,64.56,16.42,2.47,100.56,3.94,119.0
29.85,66.62,19.35,0.99,100.58,3.69,132.12
29.89,68.12,19.35,0.0,100.37,2.46,164.5
31.12,62.38,16.78,0.94,100.38,2.59,210.25
30.75,65.38,19.35,0.0,100.37,2.88,191.62
29.71,84.5,19.35,0.0,100.37,2.59,218.25
29.25,74.31,19.35,0.0,100.37,2.59,177.44
30.65,84.5,19.35,0.0,100.4,3.29,135.75
30.66,64.38,19.35,0.0,100.37,2.59,140.12
29.7,84.5,19.35,0.0,100.37,3.6,135.25
31.04,63.12,16.91,0.96,100.32,2.98,129.81
29.64,73.12,18.62,0.0,100.24,2.81,131.25
30.33,68.31,17.58,4.77,100.37,2.59,191.62
30.07,84.5,19.35,0.0,100.37,2.59,154.94
31.39,84.5,17.03,0.0,100.12,2.59,191.62
30.45,67.5,19.35,0.0,100.37,2.59,207.31
29.68,71.62,19.35,2.7,100.16,2.59,191.62
29.63,71.19,17.88,0.0,100.37,2.59,138.69
28.06,80.38,18.98,0.0,100.37,1.62,106.81
29.82,68.19,19.35,0.0,100.37,2.59,191.62
28.95,84.5,19.35,11.27,100.28,2.59,191.62
29.26,74.12,18.31,0.0,100.37,2.59,191.62
29.89,84.5,18.31,3.09,100.28,2.13,144.06
29.41,75.44,19.35,0.0,100.37,2.59,191.62
28.68,84.5,19.35,7.52,100.37,2.59,191.62
27.62,85.25,19.35,11.29,100.4,1.97,140.25
29.08,84.5,19.35,0.0,100.35,2.49,191.62
28.96,77.69,19.35,0.0,100.37,1.55,203.38
28.01,78.69,19.35,0.0,100.37,2.59,255.94
26.17,92.62,19.78,79.03,100.37,3.45,261.0
26.17,84.5,19.35,0.0,100.11,3.77,278.62
26.73,84.5,19.35,0.0,100.14,3.27,267.5
27.35,84.5,19.35,0.0,100.28,3.39,259.44
28.08,83.69,19.65,0.0,100.37,2.59,191.62
27.31,84.5,19.35,5.11,100.26,2.59,191.62
26.69,85.88,18.68,0.0,100.37,2.59,272.0
26.58,84.5,18.19,0.0,100.37,2.59,262.25
27.11,86.31,19.35,8.6,100.4,3.52,191.62
26.26,84.5,19.35,5.66,100.52,3.19,241.25
26.37,85.81,19.35,5.21,100.54,2.59,191.62
27.33,81.31,18.31,0.61,100.37,2.4,229.62
27.8,81.0,18.62,0.04,100.21,4.41,276.0
27.45,83.56,18.98,3.47,100.21,4.75,271.81
26.22,88.69,18.86,19.87,100.23,4.85,244.06
26.47,84.5,19.78,12.57,100.11,4.95,229.5
26.47,84.5,20.08,0.0,100.37,4.22,215.94
26.73,84.5,19.71,2.25,100.37,2.59,191.62
27.19,84.5,19.96,0.0,100.37,3.31,191.62
26.89,84.5,20.08,8.35,100.41,2.78,235.56
27.05,87.88,19.59,0.0,100.31,2.97,239.81
26.53,90.62,19.35,0.0,100.37,2.01,241.44
27.22,86.06,19.35,4.62,100.29,2.77,241.31
26.69,84.5,19.35,0.0,100.37,2.32,226.81
26.59,84.5,19.35,0.0,100.37,2.05,235.44
26.53,85.56,18.37,3.58,100.44,1.73,225.56
26.9,84.19,18.55,0.0,100.34,2.59,222.44
27.15,85.12,19.35,3.14,100.37,2.29,191.62
27.05,84.5,19.53,0.0,100.37,3.13,191.62
26.83,84.5,19.35,0.0,100.28,3.15,191.62
26.51,84.5,19.53,0.0,100.3,3.75,191.62
26.7,88.75,19.41,0.0,100.37,2.59,233.94
26.55,88.44,19.35,0.0,100.37,5.24,239.88
26.45,84.5,19.35,0.0,100.23,4.77,241.5
26.21,89.25,18.98,0.0,100.37,4.94,237.69
25.86,84.5,19.35,0.0,100.05,2.59,246.25
25.9,90.69,18.98,11.36,100.03,3.77,268.19
27.0,88.25,19.65,0.0,100.06,4.3,254.62
26.29,89.88,19.23,0.0,100.06,4.01,252.12
26.13,91.12,19.35,7.22,100.06,4.98,253.25
25.94,88.56,19.35,0.0,100.05,6.08,245.81
26.3,84.5,19.35,8.74,100.01,5.54,252.0
25.76,84.5,18.68,14.26,100.09,6.27,247.44
25.51,90.0,19.35,0.0,100.16,5.07,256.31
26.45,84.5,18.8,12.1,100.37,2.59,191.62
26.12,84.5,19.35,5.3,100.37,2.59,191.62
26.55,90.94,19.84,6.86,100.37,2.59,228.38
26.58,91.75,19.35,0.0,100.37,4.65,226.5
26.69,84.5,19.35,0.0,100.22,2.59,191.62
26.76,90.81,19.35,0.0,100.37,4.23,191.62
26.73,89.0,19.53,0.0,100.37,2.59,246.25
26.58,84.5,19.35,5.13,100.17,4.52,245.12
26.71,84.5,19.96,0.0,100.23,2.59,191.62
26.6,84.5,19.35,5.2,100.37,2.59,191.62
27.33,84.5,19.84,3.29,100.37,2.59,191.62
26.76,89.88,19.35,3.89,100.24,3.99,243.94
27.01,84.5,19.35,0.0,100.37,2.59,249.19
26.68,84.5,19.35,4.85,100.21,3.77,255.38
26.47,90.81,19.35,0.0,100.37,2.59,251.5
26.97,84.5,19.35,0.0,100.29,3.55,191.62
27.05,84.5,18.92,0.0,100.37,2.59,191.62
26.33,84.5,19.35,5.22,100.29,4.46,257.0
25.86,84.5,19.35,0.0,100.28,4.58,250.06
26.43,88.62,19.04,6.23,100.37,2.59,257.62
25.92,84.5,18.8,13.23,100.37,2.59,248.94
25.55,84.5,19.35,10.19,100.18,4.18,258.94
25.84,89.5,19.35,0.0,100.37,4.45,261.06
25.75,90.88,18.86,5.36,100.37,2.59,256.25
25.42,90.06,18.31,6.56,100.2,5.1,248.19
25.89,84.5,18.68,14.57,100.29,2.59,191.62
26.21,84.5,18.86,1.49,100.2,5.21,243.12
26.18,84.5,19.35,0.0,100.37,2.59,242.31
26.32,84.5,19.35,0.0,100.22,5.02,238.25
26.01,84.5,19.35,0.0,100.37,4.59,243.31
26.19,90.25,19.35,0.0,100.37,4.41,191.62
26.63,86.75,19.35,0.0,100.37,5.45,191.62
26.42,90.69,19.65,0.0,100.37,2.59,234.25
26.37,84.5,19.65,0.0,100.37,4.27,191.62
26.38,84.5,19.35,0.0,100.24,3.73,234.06
26.31,84.5,19.35,7.35,100.37,3.73,191.62
26.47,84.5,19.35,0.0,100.37,4.04,250.62
27.01,89.12,19.9,5.34,100.37,4.02,191.62
26.55,84.5,19.35,0.0,100.37,2.59,233.62
26.54,84.5,19.35,0.0,100.37,2.59,237.69
26.61,87.75,19.35,0.43,100.2,4.16,254.56
26.18,84.5,19.35,0.0,100.16,4.17,258.62
25.83,84.5,19.35,0.0,100.37,3.47,253.81
26.41,88.19,18.86,0.0,100.37,2.59,191.62
26.76,84.5,19.35,0.6,100.31,4.36,191.62
26.66,84.5,19.1,0.0,100.27,2.59,191.62
26.78,87.62,19.17,0.66,100.39,3.36,238.12
26.7,84.5,19.35,10.74,100.43,2.59,191.62
26.58,89.5,19.47,2.34,100.25,2.95,247.31
25.62,92.62,19.04,8.03,100.36,4.1,239.06
25.69,84.5,18.37,0.0,100.37,2.59,191.62
26.5,86.0,19.35,0.0,100.37,2.59,261.69
26.68,88.06,19.29,12.27,100.13,3.66,272.56
26.48,90.19,19.53,7.16,100.11,2.77,256.94
25.99,84.5,19.35,0.0,100.21,2.22,232.81
26.87,84.5,18.86,0.0,100.37,2.57,191.62
26.85,87.5,19.35,1.04,100.56,2.14,256.31
26.39,84.5,19.35,0.0,100.45,2.51,253.44
25.82,93.19,19.35,38.38,100.29,3.25,255.0
26.18,84.5,19.35,0.0,100.37,3.58,244.81
25.56,84.5,18.43,0.0,100.37,2.59,242.56
26.12,84.5,19.35,0.0,100.37,3.56,191.62
26.04,90.0,19.35,6.06,100.37,2.59,191.62
25.83,84.5,18.98,0.0,100.14,2.59,191.62
25.49,92.38,18.86,12.15,100.36,3.25,236.62
27.01,85.19,18.86,0.0,100.37,2.59,191.62
26.58,84.5,19.35,0.54,100.32,2.52,130.62
26.66,84.5,19.35,23.7,100.39,2.71,139.44
26.16,90.19,19.1,5.29,100.59,3.02,128.12
26.42,87.31,19.35,4.36,100.37,2.59,191.62
26.37,87.12,18.62,10.2,100.37,2.59,241.5
26.55,86.62,19.35,0.45,100.38,2.7,191.62
27.23,84.5,19.35,0.6,100.29,2.3,269.44
26.9,84.5,19.71,1.74,100.24,2.16,243.5
26.89,84.5,20.08,0.66,100.37,2.59,216.75
27.68,84.5,19.35,0.0,100.37,2.76,127.12
26.68,84.5,19.59,13.3,100.37,2.29,157.94
25.33,93.0,19.35,0.0,100.38,2.59,242.0
26.28,87.75,19.35,0.0,100.37,2.59,271.81
26.29,90.12,19.35,0.0,100.37,2.59,172.19
26.51,84.5,19.35,0.0,100.37,3.15,114.44
25.65,84.5,19.23,20.39,100.5,2.52,123.19
26.85,84.5,19.35,2.07,100.5,2.59,191.62
27.32,84.5,19.35,0.0,100.5,2.17,191.62
27.33,84.5,19.35,0.53,100.37,1.84,191.62
26.94,81.75,19.35,0.0,100.43,2.14,191.62
27.51,81.88,18.43,0.0,100.37,1.83,191.62
28.31,80.25,19.35,0.0,100.37,1.8,91.38
28.05,80.12,19.35,0.0,100.54,2.01,92.12
27.85,81.31,18.74,0.76,100.57,1.99,75.75
27.18,84.5,19.35,3.82,100.6,2.55,191.62
26.75,84.5,18.8,0.0,100.37,2.84,191.62
26.66,86.56,19.35,0.0,100.57,2.59,133.12
27.27,84.5,19.17,12.58,100.37,2.59,216.88
25.51,84.5,19.35,0.0,100.37,2.47,175.38
25.64,84.5,18.25,35.37,100.37,2.59,191.62
25.63,84.5,19.35,0.91,100.37,2.59,120.0
26.91,84.5,19.35,0.8,100.37,2.51,191.62
27.2,84.5,19.35,0.0,100.37,1.78,187.38
25.7,84.5,17.82,1.87,100.55,2.34,105.44
26.29,84.5,19.41,10.38,100.37,2.59,72.88
26.44,84.5,19.17,0.63,100.37,2.59,191.62
27.73,81.44,19.35,0.0,100.37,2.59,191.62
27.74,84.5,19.41,1.99,100.57,2.23,88.06
27.73,82.88,19.1,0.05,100.5,1.57,103.44
28.06,79.94,18.8,0.03,100.39,2.59,179.94
26.44,84.5,16.3,0.0,100.41,1.44,107.56
25.23,76.5,15.14,0.0,100.37,2.03,88.88
26.59,77.19,16.66,0.0,100.37,2.59,108.0
27.69,76.5,17.52,0.0,100.37,2.59,191.62
27.49,82.38,18.68,0.5,100.37,2.59,92.44
27.05,85.5,19.35,0.0,100.37,2.59,217.69
27.8,82.75,19.35,0.0,100.37,2.59,134.88
28.14,84.5,19.35,0.0,100.37,1.82,191.62
26.03,89.94,18.92,29.59,100.44,3.19,77.25
25.96,89.56,18.74,0.0,100.41,2.59,191.62
26.58,86.19,18.62,0.19,100.36,2.91,93.44
27.6,84.5,19.35,0.0,100.43,2.59,88.12
27.35,84.5,18.49,0.08,100.37,2.41,99.81
27.0,86.0,19.04,0.0,100.37,1.78,208.44
27.12,84.5,18.07,0.14,100.29,1.94,98.56
26.23,85.31,19.35,0.0,100.37,2.59,105.94
26.9,84.5,19.35,0.82,100.46,2.71,108.81
27.15,84.06,18.62,0.36,100.55,2.5,122.44
26.39,88.12,18.8,0.0,100.37,2.59,191.62
26.76,83.81,19.35,5.48,100.37,2.59,203.31
25.65,89.38,19.35,0.0,100.6,3.75,163.5
26.3,85.25,18.01,0.2,100.37,2.59,191.62
26.77,80.31,17.27,0.0,100.37,1.53,114.75
26.62,81.12,19.35,0.0,100.57,1.51,131.81
26.61,83.0,17.88,0.18,100.56,2.62,251.94
24.97,91.62,19.35,0.0,100.37,4.71,333.69
24.66,84.5,19.35,0.0,100.37,7.05,260.25
25.23,84.5,19.35,0.0,100.38,6.27,128.19
26.19,86.19,18.07,0.0,100.66,3.41,120.81
26.47,85.69,18.31,0.0,100.67,1.9,81.75
26.86,82.69,19.35,0.03,100.7,2.59,94.75
26.34,84.5,19.35,0.0,100.68,1.84,191.62
26.94,83.62,19.35,0.0,100.52,2.14,191.62
27.15,84.5,18.62,0.0,100.43,2.59,191.62
27.1,82.12,19.35,0.0,100.37,2.58,69.44
26.93,82.88,18.19,0.0,100.37,2.59,97.19
26.15,77.44,19.35,0.0,100.4,1.88,82.88
27.34,80.0,18.01,0.0,100.28,1.95,92.69
26.65,84.5,18.37,1.69,100.37,2.59,99.31
26.11,84.5,17.33,0.0,100.37,2.81,191.62
26.91,80.31,17.58,0.41,100.49,2.37,86.62
27.01,84.5,19.35,0.0,100.37,2.86,93.75
26.85,84.5,17.7,0.0,100.37,2.59,191.62
26.96,84.5,17.33,0.0,100.59,2.59,87.44
26.9,80.0,17.46,0.13,100.37,2.59,45.94
27.28,84.5,19.35,0.0,100.63,2.59,38.38
26.76,83.31,18.13,0.0,100.37,2.59,191.62
26.32,84.5,19.35,8.64,100.37,2.16,47.62
26.62,84.5,19.35,0.0,100.37,2.59,66.94
27.05,84.5,19.35,0.14,100.69,1.75,93.81
27.65,84.5,19.35,0.0,100.37,1.54,122.0
27.24,84.5,18.19,0.0,100.65,1.44,191.62
27.05,80.12,19.35,0.0,100.52,1.96,145.69
26.65,79.38,19.35,0.01,100.52,2.59,191.62
26.83,77.25,16.72,0.0,100.37,1.38,191.62
26.8,84.5,19.35,1.58,100.37,2.59,170.0
27.4,80.94,19.35,0.0,100.37,1.07,185.44
26.4,86.56,19.35,0.0,100.37,2.59,244.81
25.74,89.81,18.62,9.52,100.29,1.05,219.75
25.73,86.0,17.7,3.56,100.37,1.5,210.56
25.41,84.5,19.35,2.24,100.37,2.4,177.94
25.9,82.38,19.35,0.0,100.37,2.59,127.19
25.46,84.5,19.35,0.0,100.71,2.59,111.44
23.7,79.12,19.35,0.0,100.37,2.59,262.94
23.58,85.19,15.5,6.3,100.37,4.12,100.94
24.81,84.5,16.3,0.76,100.37,2.59,191.62
25.66,84.5,17.21,0.0,100.37,3.8,191.62
25.66,84.5,19.35,0.0,100.77,3.95,98.94
26.23,79.88,16.66,0.03,100.72,4.23,91.62
25.68,84.5,15.01,0.0,100.37,2.59,191.62
25.87,75.56,15.38,0.09,100.69,3.7,85.44
26.13,84.5,19.35,0.0,100.72,3.05,191.62
26.73,71.12,15.14,0.03,100.69,2.59,96.69
26.43,72.44,15.08,0.0,100.37,2.88,82.25
27.69,84.5,19.35,0.0,100.6,2.59,86.25
27.77,84.5,15.5,0.0,100.37,1.8,128.12
26.31,61.88,12.39,0.0,100.5,1.23,154.44
27.09,84.5,19.35,0.0,100.5,1.59,116.44
27.41,84.5,19.35,0.0,100.37,1.7,169.5
27.55,71.12,15.81,0.04,100.54,2.95,137.38
27.03,66.69,19.35,0.0,100.37,2.67,72.19
27.01,84.5,19.35,0.0,100.37,2.59,70.5
28.07,84.5,19.35,0.0,100.56,1.84,130.31
28.33,65.0,19.35,0.0,100.37,2.19,191.62
27.66,64.12,14.28,0.04,100.73,2.36,71.12
26.32,84.5,19.35,0.0,100.74,1.84,191.62
24.98,84.5,10.8,0.0,100.37,1.92,127.94
25.61,62.12,11.66,0.0,100.84,1.4,103.12
26.14,61.06,12.15,0.0,100.37,1.56,118.38
26.39,84.5,19.35,0.0,100.79,1.41,123.44
26.58,60.25,19.35,0.0,100.74,2.59,98.62
27.37,84.5,19.35,0.0,100.37,2.12,130.38
28.01,60.75,19.35,0.0,100.37,2.59,105.44
27.53,59.75,19.35,0.0,100.37,1.89,135.69
28.21,60.81,19.35,0.0,100.37,2.2,94.56
28.35,60.69,14.04,0.0,100.37,2.45,114.56
28.7,84.5,19.35,0.0,100.7,2.59,191.62
28.58,67.12,19.35,0.0,100.37,2.59,124.19
28.44,64.75,19.35,0.0,100.37,2.59,114.19
28.05,65.44,19.35,0.0,100.37,4.3,130.0
28.61,84.5,19.35,0.0,100.65,3.69,133.0
28.54,67.5,19.35,0.0,100.63,2.59,191.62
28.37,64.69,14.34,0.0,100.68,3.88,133.81
27.69,62.25,19.35,0.0,100.37,5.47,191.62
28.73,55.19,19.35,0.07,100.37,2.59,191.62
28.79,57.69,13.37,1.16,100.96,4.59,86.12
28.21,55.94,19.35,0.0,100.37,2.59,105.44
28.58,53.81,19.35,0.0,100.37,2.59,191.62
28.15,54.06,19.35,0.0,100.37,2.59,106.0
28.36,84.5,19.35,0.0,100.77,4.43,113.69
28.42,65.75,14.71,0.0,100.69,4.15,124.75
28.2,67.62,15.14,0.0,100.68,4.59,133.94
28.66,84.5,19.35,0.0,100.76,2.59,130.69
28.9,65.06,19.35,0.0,100.37,2.59,128.06
29.77,63.31,15.38,0.0,100.37,4.38,126.88
29.23,84.5,19.35,0.0,100.65,4.52,129.75
28.71,58.62,19.35,0.0,100.56,4.83,122.25
28.7,84.5,19.35,0.0,100.54,4.25,135.0
28.61,84.5,19.35,0.0,100.58,6.12,118.06
28.48,84.5,19.35,0.0,100.54,2.59,114.25
29.09,54.19,12.27,0.0,100.37,4.22,120.25
29.08,57.5,13.37,0.0,100.43,4.69,123.56
29.11,84.5,13.31,0.0,100.37,2.59,117.44
28.65,54.94,12.21,0.0,100.42,4.33,119.75
28.33,84.5,19.35,0.0,100.37,2.59,136.94
28.04,63.19,19.35,0.0,100.42,2.59,143.62
27.81,84.5,19.35,0.0,100.49,4.25,138.38
29.13,84.5,19.35,0.0,100.57,2.59,153.75
29.63,60.88,14.47,0.0,100.37,3.38,149.38
29.72,59.69,19.35,0.0,100.37,4.59,138.06
29.74,84.5,14.59,0.0,100.37,2.59,139.94
29.9,58.69,14.04,0.0,100.61,2.59,166.69
30.61,58.94,19.35,0.0,100.37,2.88,177.62
30.05,84.5,19.35,0.2,100.62,4.1,149.12
30.61,54.38,19.35,0.0,100.37,2.59,128.62
30.43,56.56,19.35,0.0,100.37,2.59,191.62
30.75,55.44,14.04,0.0,100.69,4.52,119.44
31.21,53.5,13.98,0.14,100.37,3.01,114.94
31.57,84.5,19.35,0.0,100.6,3.34,108.75
30.89,53.12,13.18,0.0,100.37,2.59,191.62
30.53,56.25,14.22,0.0,100.37,2.59,124.56
30.55,58.31,19.35,0.0,100.37,2.59,129.81
30.6,84.5,19.35,0.13,100.37,2.59,139.5
30.79,84.5,16.3,2.07,100.37,2.59,151.31
29.94,67.88,19.35,4.58,100.42,2.59,191.62
29.56,67.88,19.35,4.2,100.43,5.66,116.62
30.13,61.81,15.5,0.13,100.37,2.59,115.62
30.75,56.88,19.35,0.0,100.37,6.02,108.75
30.41,58.44,14.89,0.0,100.64,6.02,119.19
30.5,84.5,19.35,0.01,100.53,4.13,139.56
30.74,61.94,16.24,0.02,100.37,4.25,159.38
30.87,84.5,19.35,2.27,100.38,3.52,191.62
30.93,60.56,16.11,0.02,100.53,4.77,135.62
30.71,59.62,15.38,0.0,100.37,5.41,123.5
30.66,55.19,19.35,0.03,100.37,2.59,191.62
30.6,84.5,19.35,0.0,100.57,4.61,191.62
28.86,72.88,19.35,0.0,100.37,3.29,134.19
29.04,84.5,15.75,0.0,100.37,3.49,143.38
30.58,57.88,14.53,0.0,100.51,4.34,129.44
30.8,62.06,19.35,0.0,100.37,2.59,127.69
30.8,62.06,16.36,0.0,100.37,2.59,135.75
31.28,84.5,19.35,0.0,100.37,4.49,132.5
31.93,59.25,16.17,0.0,100.33,2.59,132.31
32.09,84.5,16.91,0.0,100.37,2.59,191.62
30.54,62.38,19.35,0.0,100.37,2.59,150.62
29.51,84.5,19.35,0.0,100.37,2.93,137.38
30.32,84.5,16.85,1.31,100.45,2.59,191.62
31.14,62.75,19.35,0.01,100.44,3.16,135.75
31.12,84.5,17.4,0.0,100.37,3.3,191.62
30.9,66.19,19.35,0.0,100.37,3.09,148.88
31.12,84.5,17.27,0.0,100.37,2.59,191.62
31.21,56.12,15.14,0.0,100.2,2.59,161.38
32.23,57.19,19.35,0.0,100.11,3.7,176.94
32.19,58.75,19.35,0.0,100.37,2.59,148.75
32.25,84.5,19.35,0.0,100.15,5.0,138.12
33.01,56.81,16.48,0.14,100.37,4.55,116.31
33.32,84.5,15.93,0.0,100.37,2.59,123.88
32.69,56.44,16.54,0.0,100.37,5.01,128.88
32.26,84.5,19.35,0.02,100.37,4.85,191.62
30.73,84.5,19.35,0.0,100.37,2.59,130.12
29.85,73.0,18.8,0.0,100.37,3.2,158.19
30.73,67.38,18.07,0.0,100.37,3.85,128.19
32.26,58.19,16.66,0.0,100.37,2.59,158.44
30.76,84.5,19.35,2.96,100.29,2.37,223.19
29.3,84.5,19.35,0.0,100.35,2.52,172.44
28.78,81.25,19.9,0.0,100.37,2.59,183.81
30.11,74.5,19.41,2.71,100.37,2.74,173.94
31.31,69.0,19.35,0.0,100.37,2.59,214.06
30.54,71.06,19.35,0.0,100.37,2.59,228.62
30.62,84.5,19.35,1.22,100.05,2.81,209.44
30.13,74.56,19.35,0.0,100.37,2.59,207.81
28.86,84.5,20.32,0.0,100.14,2.59,191.62
28.19,82.81,19.53,10.9,100.34,2.6,231.25
28.87,84.5,19.35,0.0,100.36,2.59,191.62
29.17,84.5,19.23,0.0,100.31,2.59,191.62
29.56,84.5,19.35,0.0,100.37,3.2,195.0
29.57,76.06,19.35,0.0,100.37,3.08,193.25
29.51,84.5,19.35,0.0,100.37,2.39,190.19
29.14,80.19,19.9,20.98,100.37,2.59,217.44
28.87,80.81,19.9,0.51,100.33,2.77,227.56
29.38,84.5,19.59,0.0,100.37,2.59,225.12
28.49,84.5,20.14,0.0,100.34,2.59,221.0
28.68,82.69,20.14,0.0,100.35,2.66,225.25
28.91,79.75,19.35,0.0,100.37,2.73,213.5
29.08,84.5,19.35,5.37,100.36,2.34,234.12
28.57,80.5,19.35,0.0,100.37,2.59,191.62
28.83,79.81,19.41,9.55,100.37,2.23,246.31
28.87,84.5,19.35,2.52,100.37,2.59,232.5
28.28,84.06,19.35,0.0,100.37,2.59,234.81
28.57,80.44,19.35,0.0,100.23,2.35,191.62
28.73,79.75,19.35,1.61,100.21,2.16,182.38
29.72,84.5,19.35,0.0,100.37,2.59,234.19
29.55,75.88,19.35,11.49,100.37,1.31,191.62
29.48,77.19,19.35,0.0,100.23,2.59,191.62
29.59,74.56,18.74,0.0,100.37,2.23,128.19
29.23,84.5,19.35,2.44,100.37,2.59,191.62
29.26,84.5,19.35,0.0,100.26,1.08,219.62
29.11,84.5,19.35,0.0,100.37,1.52,179.31
28.48,84.5,19.35,13.55,100.25,2.75,191.62
26.87,89.88,19.9,25.67,100.37,2.59,191.62
27.18,84.5,19.65,20.92,100.37,2.59,191.62
27.9,84.5,19.35,0.0,100.37,2.17,208.94
27.59,84.5,20.39,0.0,100.37,3.62,233.31
27.29,84.5,19.96,10.2,100.37,2.59,191.62
27.22,90.69,20.51,10.31,100.29,3.42,252.0
28.1,87.88,20.87,10.06,100.37,2.59,252.0
28.13,87.44,19.35,0.0,100.37,3.52,191.62
28.08,85.88,19.35,0.5,100.25,2.59,191.62
28.22,84.5,19.35,0.0,100.25,3.72,257.31
27.78,89.06,20.75,15.28,100.28,3.62,247.5
26.91,92.25,20.51,0.0,100.34,3.95,241.25
26.93,89.56,19.84,0.0,100.37,3.8,247.62
27.4,88.81,20.26,0.0,100.37,3.43,263.0
27.54,84.5,19.35,0.0,100.37,2.49,289.5
27.51,84.5,19.35,10.39,100.14,2.7,261.19
27.33,84.5,19.96,5.58,100.37,2.2,225.75
26.96,90.38,20.14,0.0,100.37,3.0,174.56
27.39,84.5,19.35,0.0,100.37,2.92,197.56
27.71,88.5,19.35,5.09,100.37,2.36,191.62
27.23,90.56,20.45,0.0,100.37,2.59,243.5
26.65,90.5,19.78,0.0,100.37,2.59,250.0
26.95,89.62,19.35,0.0,100.18,2.59,191.62
27.12,89.06,19.35,0.0,100.37,3.51,191.62
27.12,88.69,19.9,13.7,100.19,4.61,255.62
25.44,90.06,19.35,0.0,100.37,2.59,249.62
24.78,84.5,17.94,31.19,100.23,3.52,269.62
25.47,84.5,18.68,0.0,100.37,2.59,191.62
26.06,84.5,19.35,10.98,100.45,3.07,236.25
26.74,84.5,19.35,0.0,100.34,2.82,192.25
27.1,88.56,19.35,7.23,100.37,2.59,191.62
27.12,84.5,19.35,0.0,100.27,3.29,240.5
26.55,84.5,19.35,0.0,100.45,2.59,191.62
27.05,84.5,19.41,0.84,100.37,3.34,191.62
27.11,87.31,19.35,0.08,100.37,3.12,191.62
26.95,84.5,19.35,0.02,100.54,2.73,260.75
26.87,89.31,19.35,0.0,100.37,2.59,239.38
26.9,84.5,19.35,0.0,100.37,3.11,191.62
26.79,84.5,19.35,0.91,100.23,3.6,245.12
26.88,84.5,19.35,2.31,100.14,3.91,249.25
26.66,84.5,19.35,0.0,100.37,3.84,235.56
26.47,84.5,19.35,0.0,100.04,2.59,191.62
26.27,84.5,19.35,0.0,100.37,3.12,235.62
26.82,91.19,20.2,4.23,100.12,3.93,228.44
27.29,88.56,20.02,2.17,100.37,2.59,236.56
27.49,87.56,20.02,0.09,100.37,2.48,256.69
26.69,89.88,19.71,0.0,100.22,3.8,258.69
25.47,84.5,19.35,2.28,100.29,2.78,222.44
27.46,85.75,19.47,0.0,100.37,3.56,191.62
26.18,84.5,18.8,0.0,100.37,2.59,191.62
26.42,88.12,19.35,0.0,100.4,2.92,269.38
26.36,84.5,19.35,0.0,100.37,3.09,276.12
26.45,86.81,19.35,0.0,100.36,3.3,270.44
26.63,88.69,19.29,0.0,100.36,3.83,191.62
26.8,84.5,19.35,0.0,100.37,4.12,255.94
26.86,90.19,19.96,0.0,100.37,2.59,251.06
26.62,90.19,19.35,4.94,100.28,2.59,191.62
25.69,90.31,19.35,0.0,100.33,5.64,242.06
26.01,91.38,19.35,0.0,100.37,2.59,191.62
25.93,84.5,19.41,9.6,100.37,2.59,191.62
26.44,84.5,19.1,8.67,100.37,2.59,244.94
25.57,84.5,19.35,22.65,100.13,5.11,247.56
25.71,84.5,19.35,0.0,99.99,5.99,256.19
25.72,84.5,19.53,0.0,100.37,5.59,191.62
26.36,84.5,19.96,0.0,100.37,5.66,191.62
26.15,93.5,19.35,0.0,100.37,4.54,220.19
26.5,84.5,19.35,0.0,100.37,3.9,221.38
27.04,90.75,20.26,3.63,100.27,3.21,221.06
27.15,90.88,20.45,0.05,100.35,3.46,244.0
27.16,84.5,19.35,0.0,100.37,3.62,191.62
27.38,84.5,19.35,0.0,100.37,4.08,243.81
27.23,84.5,19.35,0.42,100.37,4.16,191.62
26.56,91.31,19.84,0.63,100.37,2.59,215.88
27.16,84.5,19.65,0.22,100.47,2.79,239.25
27.15,88.94,19.35,0.0,100.29,2.59,253.06
27.18,84.5,19.35,6.33,100.19,2.59,191.62
27.21,88.94,20.02,4.61,100.27,2.95,227.69
26.99,89.62,19.35,0.0,100.37,2.85,243.56
26.91,84.5,19.35,0.0,100.38,3.33,260.44
26.94,84.5,19.35,0.0,100.37,3.61,259.81
26.46,90.44,19.53,1.95,100.37,3.66,252.0
26.55,84.5,19.53,0.0,100.37,2.59,255.5
27.02,84.5,19.71,0.4,100.37,2.59,191.62
26.81,84.5,19.35,0.0,100.11,3.2,257.0
26.15,84.5,19.35,27.75,100.0,2.59,191.62
26.38,84.5,19.35,0.0,100.37,5.8,218.5
26.51,92.19,20.02,16.37,100.16,3.37,225.25
26.45,91.12,19.35,0.0,100.37,3.84,247.19
25.91,84.5,19.35,0.0,100.37,2.59,243.0
25.27,92.06,18.62,3.57,100.12,6.39,240.31
25.64,89.5,18.43,13.94,100.2,2.59,241.44
26.24,84.5,18.8,0.0,100.2,2.59,247.19
26.51,88.0,19.35,1.87,100.24,2.59,191.62
26.66,88.56,19.35,3.95,100.37,4.55,191.62
26.46,91.38,19.78,14.85,100.38,4.21,236.31
26.42,84.5,19.35,0.0,100.37,2.59,240.12
26.61,87.62,18.98,0.42,100.48,3.22,253.94
26.42,84.5,19.35,0.0,100.37,2.67,279.62
26.78,84.5,19.35,0.0,100.37,3.06,191.62
26.16,92.81,19.71,0.0,100.37,2.59,270.5
25.97,89.25,19.35,0.0,100.35,2.49,255.19
25.15,93.75,19.35,13.94,100.37,2.59,216.25
26.44,91.38,19.78,19.14,100.18,2.93,207.94
26.21,93.25,19.35,24.6,100.25,3.24,221.75
25.8,93.12,19.35,23.08,100.37,2.38,237.94
26.03,84.5,19.35,1.77,100.5,1.98,226.75
26.55,88.0,19.04,2.98,100.44,2.02,207.62
25.86,90.88,18.92,6.9,100.44,1.85,225.62
26.66,84.5,19.35,0.0,100.57,1.5,224.88
26.96,84.5,19.35,0.0,100.67,1.34,89.31
27.98,84.5,19.35,0.04,100.59,2.59,136.31
28.52,79.0,19.35,0.0,100.37,2.59,191.62
27.44,84.5,19.71,0.0,100.37,2.59,191.62
28.49,79.0,19.35,0.0,100.37,2.59,138.25
27.92,84.5,19.35,0.0,100.57,2.59,191.62
27.9,80.94,18.62,0.0,100.57,1.34,173.5
27.15,84.5,19.47,0.0,100.37,1.75,206.25
26.5,84.5,19.35,0.0,100.37,2.1,191.62
26.95,86.62,19.35,0.72,100.37,2.59,160.0
27.08,85.81,19.35,0.0,100.37,2.59,187.19
26.87,85.69,18.8,0.0,100.37,2.59,191.62
26.72,84.5,19.35,3.66,100.45,1.58,133.19
27.22,82.06,18.31,0.17,100.52,1.23,110.31
27.45,84.5,19.35,0.44,100.37,2.59,104.94
27.32,84.5,18.92,0.95,100.5,2.59,117.5
27.33,84.5,19.35,0.0,100.45,1.39,97.62
27.48,84.5,19.35,0.0,100.46,1.59,191.62
27.51,82.94,18.86,1.38,100.43,1.72,157.75
27.38,83.19,18.8,1.78,100.39,2.06,130.38
27.28,84.5,19.35,0.51,100.45,2.2,130.62
27.21,84.5,19.35,2.23,100.52,2.38,99.25
27.67,84.62,19.41,2.32,100.49,2.55,95.31
27.46,84.5,19.35,2.45,100.46,2.98,97.31
27.37,84.5,19.35,2.05,100.37,2.84,191.62
27.22,86.44,19.35,4.75,100.37,3.47,191.62
26.84,89.56,19.35,0.0,100.56,2.59,191.62
27.7,85.31,19.65,1.04,100.5,2.59,191.62
28.05,83.0,19.41,1.07,100.34,1.21,219.31
27.36,84.81,19.23,0.0,100.37,1.67,191.62
27.55,84.44,19.35,0.0,100.37,1.77,108.94
27.83,84.5,19.35,0.0,100.37,2.36,102.81
27.85,84.5,19.35,0.0,100.37,2.59,91.56
27.68,83.31,19.1,0.0,100.41,2.73,87.88
27.53,83.75,19.35,0.0,100.37,2.59,96.0
28.0,84.5,19.29,0.53,100.37,1.53,115.0
27.8,80.06,19.35,0.0,100.37,1.67,175.62
26.07,84.5,18.07,0.96,100.23,2.63,289.06
26.14,87.69,19.35,3.17,100.37,2.59,191.62
26.38,88.5,18.98,3.46,100.36,2.64,148.81
26.51,84.5,19.35,3.27,100.37,2.59,151.0
26.76,84.5,19.35,0.0,100.44,0.81,191.62
26.13,88.75,18.74,0.0,100.37,2.59,275.88
26.69,85.19,18.43,0.0,100.35,2.34,88.69
26.51,84.5,19.23,0.0,100.37,1.91,205.25
26.16,84.5,19.35,5.05,100.37,3.07,130.19
26.34,81.69,17.27,1.42,100.57,1.92,190.69
24.76,81.75,19.35,0.0,100.37,2.59,225.06
22.19,84.5,19.35,0.0,100.37,3.74,336.5
22.38,84.5,19.35,0.0,100.26,3.75,266.19
24.99,84.5,19.35,0.0,100.48,1.85,191.62
26.17,87.25,18.37,0.0,100.37,2.59,191.62
26.62,82.94,19.35,0.0,100.52,1.63,85.94
24.87,82.25,19.35,0.0,100.51,2.59,191.62
26.45,84.5,17.58,0.0,100.53,2.59,191.62
26.68,84.5,19.35,0.12,100.37,2.59,173.06
26.91,84.5,19.35,0.0,100.37,1.72,102.81
26.36,80.19,19.35,0.0,100.37,2.04,53.5
25.56,84.5,19.35,0.0,100.37,1.57,49.62
26.15,84.5,19.35,0.0,100.58,1.47,191.62
26.11,84.5,19.35,0.0,100.59,1.59,168.31
26.64,81.38,17.58,0.2,100.58,0.82,105.56
27.08,83.31,19.35,0.0,100.37,2.59,106.75
26.88,84.5,19.35,0.31,100.6,2.59,128.38
27.55,81.0,18.37,0.05,100.47,1.75,164.06
27.28,80.31,19.35,0.07,100.37,2.59,191.62
26.91,84.5,17.64,0.0,100.47,2.59,63.75
26.94,84.5,19.35,0.01,100.5,2.45,89.94
27.15,84.5,19.35,0.0,100.51,2.59,79.88
26.73,78.19,16.97,0.0,100.51,1.52,171.88
25.88,84.5,16.11,0.03,100.37,2.59,191.62
24.38,73.25,19.35,0.0,100.37,2.59,98.12
23.32,75.19,19.35,0.0,100.73,2.07,191.62
23.69,84.5,19.35,0.0,100.79,2.59,208.88
22.8,71.5,12.21,0.0,100.83,3.82,87.75
22.39,84.5,19.35,0.0,100.82,2.59,191.62
22.47,75.5,12.63,0.0,100.87,2.38,215.88
23.84,84.5,19.35,0.0,100.8,1.9,160.44
24.61,77.56,14.71,0.0,100.37,2.59,153.75
25.14,77.06,19.35,0.0,100.37,0.98,222.94
25.56,75.0,14.95,0.01,100.64,1.15,151.31
25.65,84.5,15.26,0.0,100.72,1.86,129.69
26.84,73.44,19.35,0.0,100.37,2.59,76.44
26.64,74.88,19.35,0.0,100.37,1.81,191.62
27.04,84.5,19.35,0.0,100.37,2.59,93.75
27.18,70.88,15.38,0.0,100.37,2.26,69.94
27.5,84.5,16.24,0.0,100.37,2.59,87.62
27.46,84.5,19.35,0.0,100.37,2.59,191.62
27.13,68.81,19.35,0.0,100.5,1.44,98.75
26.55,84.5,19.35,0.0,100.55,1.54,87.25
26.79,74.75,19.35,0.0,100.56,2.59,191.62
27.06,84.5,19.35,0.0,100.58,1.78,233.81
26.98,84.5,15.5,0.0,100.37,2.59,191.62
26.79,69.5,14.53,0.0,100.55,0.96,155.44
26.65,84.5,15.32,0.0,100.37,2.59,150.62
26.45,68.44,19.35,0.0,100.37,1.62,74.19
25.55,84.5,19.35,0.0,100.37,1.14,154.88
26.8,70.31,19.35,0.0,100.37,2.59,119.62
27.92,71.69,15.87,0.0,100.37,2.59,176.38
27.99,84.5,13.92,0.0,100.81,3.07,66.38
27.01,84.5,13.12,0.0,100.88,2.59,191.62
27.72,65.75,14.59,0.01,100.89,2.98,191.62
26.79,84.5,14.71,0.0,100.37,2.54,191.62
25.51,69.75,13.85,0.0,100.68,2.59,179.31
26.25,84.5,12.39,0.0,100.65,1.84,64.88
27.4,84.5,14.04,0.02,100.37,2.59,53.06
28.83,64.0,19.35,0.0,100.37,2.16,191.62
29.47,84.5,19.35,0.0,100.51,2.43,71.44
29.34,84.5,19.35,0.0,100.37,1.89,91.75
29.01,84.5,19.35,0.0,100.4,1.49,101.75
28.44,84.5,19.35,0.0,100.43,1.94,239.94
28.24,66.88,15.26,0.0,100.37,2.59,252.25
27.81,59.44,12.82,0.0,100.37,1.26,191.62
27.3,84.5,19.35,0.0,100.57,1.51,226.56
27.07,57.62,11.66,0.0,100.58,2.09,191.62
27.68,84.5,19.35,0.0,100.59,2.59,191.62
28.62,84.5,19.35,0.0,100.64,1.77,117.25
28.76,60.56,19.35,0.0,100.37,1.8,191.62
28.94,56.88,13.24,0.0,100.64,2.59,191.62
29.27,54.44,19.35,0.0,100.37,2.23,162.94
29.31,84.5,19.35,0.0,100.37,2.23,93.25
29.17,57.5,19.35,0.0,100.71,3.73,116.94
28.64,84.5,19.35,0.0,100.37,3.57,124.0
28.1,56.31,11.78,0.0,100.37,2.59,108.56
28.15,84.5,19.35,0.0,100.37,4.49,125.69
28.27,84.5,19.35,0.0,100.37,2.59,135.88
27.65,84.5,14.77,0.0,100.48,2.59,191.62
27.62,84.5,14.28,0.0,100.55,3.97,136.25
28.19,84.5,19.35,0.0,100.66,2.91,138.88
27.9,84.5,14.34,0.09,100.37,2.37,191.62
28.25,53.81,19.35,0.0,100.37,2.59,127.88
28.3,84.5,19.35,0.0,100.37,2.23,103.31
27.95,49.25,19.35,0.0,100.84,2.59,159.44
27.63,84.5,10.25,0.0,100.76,2.29,111.5
28.43,84.5,11.66,0.0,100.66,3.34,191.62
27.96,84.5,19.35,0.0,100.62,2.95,106.62
27.36,50.81,10.5,0.0,100.7,2.59,191.62
27.87,48.56,19.35,0.0,100.72,2.59,93.19
29.13,84.5,19.35,0.02,100.7,1.58,110.25
29.08,84.5,12.33,0.19,100.73,3.24,49.75
29.14,52.31,12.82,0.0,100.73,2.57,125.81
30.26,84.5,19.35,0.0,100.73,3.58,98.69
29.81,58.25,14.16,0.0,100.37,2.59,123.25
29.8,84.5,14.53,0.0,100.37,2.59,191.62
29.12,64.5,15.2,0.0,100.51,4.45,141.88
28.96,84.5,14.89,0.0,100.62,2.59,191.62
29.93,84.5,19.35,0.0,100.7,2.59,191.62
30.58,84.5,14.71,0.0,100.37,2.59,191.62
30.31,45.12,19.35,0.01,100.78,3.26,65.56
29.2,44.94,10.19,0.0,100.83,2.05,81.0
29.7,84.5,10.5,0.0,100.77,2.59,191.62
30.53,84.5,11.29,0.0,100.37,4.24,62.5
29.37,84.5,19.35,0.0,100.97,2.59,70.0
29.44,43.75,10.19,0.0,100.37,3.59,69.62
29.2,84.5,19.35,0.0,100.37,2.11,91.62
29.97,48.75,19.35,0.0,100.37,2.62,176.19
30.51,84.5,13.31,0.0,100.57,2.59,87.56
31.19,84.5,19.35,0.0,100.5,2.79,114.06
29.98,45.31,19.35,0.0,100.5,2.7,126.69
30.09,84.5,13.55,0.0,100.37,2.59,191.62
30.53,58.56,19.35,0.0,100.37,3.49,191.62
30.65,55.81,14.22,0.03,100.44,2.59,116.56
30.97,84.5,19.35,0.0,100.37,4.52,112.44
30.45,84.5,14.4,0.0,100.37,4.08,191.62
30.48,84.5,19.35,0.0,100.5,4.71,123.12
29.76,84.5,19.35,0.0,100.64,4.15,131.56
30.96,57.38,14.83,0.0,100.58,3.14,154.25
31.26,57.31,15.08,0.0,100.38,2.91,206.88
31.3,60.81,16.36,0.08,100.26,3.65,182.56
31.25,62.25,19.35,0.0,100.37,2.59,165.81
30.23,61.5,15.87,0.06,100.37,5.23,138.25
31.3,84.5,14.65,0.01,100.37,4.85,191.62
31.02,84.5,19.35,0.0,100.63,4.37,134.5
30.73,56.69,14.34,0.0,100.37,5.29,127.62
31.13,84.5,19.35,0.0,100.37,2.59,121.12
31.28,84.5,19.35,0.0,100.58,5.27,110.19
31.16,84.5,19.35,0.0,100.37,5.1,115.44
30.59,84.5,19.35,0.0,100.53,4.12,124.25
30.46,57.0,14.34,0.0,100.37,5.48,127.75
29.85,84.5,19.35,0.06,100.62,2.59,191.62
30.0,59.62,14.16,0.0,100.37,2.59,125.44
30.32,60.12,15.14,0.03,100.56,4.66,134.38
30.13,60.38,15.08,0.0,100.49,3.95,140.12
30.33,57.19,14.22,0.0,100.37,2.59,191.62
30.68,57.81,14.77,0.0,100.31,5.56,123.81
30.59,59.06,15.32,0.0,100.42,4.78,126.25
30.8,58.44,19.35,0.0,100.37,3.77,136.19
30.69,59.56,19.35,0.0,100.37,3.98,139.62
30.76,84.5,19.35,0.0,100.36,5.0,191.62
31.15,57.69,15.14,0.0,100.39,4.39,142.31
31.25,59.56,15.93,0.04,100.37,3.91,138.12
31.2,84.5,19.35,0.01,100.37,2.59,191.62
31.23,56.62,15.01,0.05,100.37,2.59,125.62
31.41,57.06,15.01,0.0,100.37,2.59,121.0
31.59,84.5,15.26,0.0,100.37,2.59,113.44
31.45,56.5,19.35,0.0,100.37,2.59,191.62
31.51,53.88,19.35,0.04,100.37,2.59,127.12
30.66,84.5,19.35,0.0,100.46,4.13,141.5
30.44,84.5,16.66,0.78,100.51,2.59,191.62
29.73,67.19,17.21,0.27,100.58,4.09,122.19
31.12,84.5,16.54,0.02,100.37,4.27,121.62
31.73,53.75,14.65,0.01,100.6,4.28,123.12
31.19,60.88,16.6,5.52,100.49,3.38,117.75
30.25,63.81,16.42,3.06,100.5,3.42,112.44
31.37,57.5,15.5,0.0,100.37,3.58,97.12
31.2,84.5,14.89,0.39,100.55,2.87,129.75
30.83,84.5,19.35,0.0,100.46,3.7,128.94
31.2,57.56,15.44,0.18,100.37,4.92,127.88
31.37,57.75,15.2,0.0,100.55,2.59,127.5
31.78,56.56,19.35,0.0,100.45,3.98,137.5
32.28,84.5,19.35,0.0,100.37,4.36,130.25
31.23,60.94,16.24,0.0,100.37,2.59,127.06
31.01,84.5,19.35,0.0,100.38,4.17,132.88
31.61,61.38,19.35,0.0,100.37,2.59,191.62
31.01,62.0,19.35,0.0,100.4,2.59,191.62
32.41,54.38,19.35,0.0,100.37,2.27,191.62
31.87,84.5,19.35,4.63,100.37,2.92,130.19
32.32,84.5,19.35,0.0,100.46,2.89,113.25
32.52,84.5,19.35,0.0,100.37,3.35,195.88
32.98,84.5,14.71,0.03,100.35,2.59,191.62
33.12,48.75,14.47,0.0,100.37,2.59,115.69
32.54,50.25,19.35,0.0,100.31,4.34,116.38
32.25,84.5,15.38,0.0,100.37,4.05,130.75
31.77,84.5,19.35,0.05,100.28,4.39,136.25
31.69,61.94,17.46,0.76,100.37,3.55,145.75
32.3,84.5,19.35,0.0,100.27,3.41,158.0
31.7,61.06,17.27,0.0,100.37,2.59,191.62
32.49,60.0,19.35,0.02,100.37,2.59,149.44
32.46,84.5,17.94,0.0,100.37,4.23,154.62
33.44,56.56,16.91,0.01,100.21,3.76,148.94
32.96,55.94,16.36,0.0,100.37,2.59,191.62
33.42,84.5,19.35,0.0,100.37,3.8,143.38
33.7,52.25,15.87,0.0,100.37,2.59,130.94
33.02,54.56,16.42,0.02,100.28,4.21,129.88
33.3,54.44,16.6,0.0,100.37,4.1,125.56
32.87,54.38,16.11,0.1,100.08,4.05,130.69
30.96,64.06,19.35,0.0,100.37,2.59,123.62
30.83,68.94,18.62,3.43,100.04,2.3,186.94
30.92,68.94,19.35,0.0,100.37,2.59,218.25
30.5,84.5,19.29,0.82,100.37,2.59,206.25
30.86,84.5,19.35,3.68,100.15,2.83,235.5
30.9,84.5,19.35,0.03,100.19,2.95,250.56
30.55,71.44,19.35,0.0,100.37,2.96,220.0
28.78,84.5,19.35,16.42,100.37,2.99,204.38
29.25,84.5,19.59,17.86,100.47,2.38,206.62
29.07,84.5,19.35,0.0,100.54,2.3,191.62
29.87,84.5,18.98,0.0,100.37,2.59,233.31
29.35,76.69,19.23,0.0,100.37,2.03,229.81
28.48,84.5,19.35,13.74,100.43,1.95,219.5
29.25,84.5,19.35,0.0,100.37,2.2,191.62
29.08,76.56,18.86,3.3,100.59,1.06,171.94
29.79,84.5,18.49,0.0,100.37,2.59,148.62
29.07,84.5,19.59,18.43,100.37,1.51,191.62
27.9,84.31,19.35,10.32,100.37,2.59,229.19
28.83,77.0,19.35,3.18,100.37,2.59,211.25
28.12,83.94,19.84,8.86,100.35,2.59,228.56
28.37,84.5,19.35,0.0,100.36,2.67,244.69
28.04,82.56,19.29,0.0,100.35,2.98,191.62
28.16,84.5,19.35,1.92,100.29,2.59,191.62
28.58,84.5,18.55,6.1,100.24,2.63,255.62
28.9,84.5,19.35,1.87,100.24,2.74,232.94
27.82,84.5,19.71,0.0,100.37,2.98,191.62
27.76,82.94,19.35,3.27,100.21,2.59,237.38
27.13,81.81,18.25,3.76,100.07,2.95,264.06
27.98,85.69,20.14,18.26,100.05,2.59,238.38
27.04,84.5,20.81,0.0,100.23,2.59,182.69
27.01,91.19,19.35,143.31,100.43,2.37,166.88
27.7,84.5,19.47,16.16,100.4,1.71,178.19
27.37,88.06,20.02,54.23,100.37,2.59,191.62
27.59,84.5,20.02,0.0,100.37,1.62,280.06
27.66,88.5,20.51,6.61,100.29,1.91,243.25
27.12,84.5,19.35,0.0,100.27,2.59,216.56
27.38,84.5,19.35,0.0,100.17,1.8,226.75
27.48,88.0,19.35,0.0,100.37,2.59,180.0
27.88,85.94,20.08,0.0,100.37,2.59,202.25
27.6,88.44,20.39,0.0,100.37,2.07,199.56
26.89,90.0,19.9,0.0,100.37,2.59,191.62
26.67,84.5,19.35,6.77,100.31,2.59,191.62
26.68,88.62,19.35,0.0,100.37,2.59,213.0
26.69,84.5,19.35,0.0,100.29,3.23,218.25
25.73,92.5,19.17,65.57,100.37,2.59,218.94
25.88,91.0,19.35,42.24,100.32,2.59,191.62
25.98,84.5,19.35,3.76,100.37,2.59,252.12
26.61,86.94,19.35,0.0,100.18,2.59,263.88
26.73,91.06,19.96,0.0,100.37,2.59,191.62
26.39,84.5,19.35,0.0,100.37,3.09,269.19
26.78,88.06,19.35,22.36,100.19,2.1,269.38
27.07,87.06,19.47,0.0,100.37,2.59,191.62
26.6,84.5,19.35,0.46,100.38,2.66,149.62
26.98,84.5,19.17,5.89,100.37,2.59,188.94
26.79,84.5,19.35,11.37,100.37,1.86,191.62
26.67,84.5,19.78,0.0,100.37,2.59,212.81
26.81,88.25,19.41,2.67,100.25,2.08,227.81
26.91,87.5,19.35,4.44,100.21,2.09,191.69
27.01,88.19,19.35,8.29,100.26,2.84,220.38
27.25,84.5,19.35,0.0,100.25,2.33,257.5
27.23,87.81,19.35,0.0,100.37,2.59,260.62
27.15,84.5,19.65,0.0,100.17,2.59,191.62
26.94,87.69,19.35,0.0,100.37,2.21,146.31
27.12,84.5,19.53,0.0,100.33,2.59,191.62
28.12,84.5,19.35,0.0,100.21,1.72,207.94
27.46,87.19,19.96,14.38,100.37,2.28,191.62
27.34,84.62,19.17,2.4,100.37,2.59,191.62
27.81,82.81,19.35,0.0,100.28,1.49,148.06
27.61,84.44,19.35,0.0,100.37,2.47,163.81
26.8,84.5,19.35,1.97,100.31,1.8,191.56
26.76,84.5,19.04,3.77,100.37,2.59,191.62
27.3,86.38,19.35,0.0,100.37,2.59,199.38
27.51,86.12,19.71,7.51,100.18,2.15,202.81
27.67,84.5,19.35,2.34,100.19,2.41,209.19
27.38,84.5,19.35,2.22,100.37,2.59,258.12
26.79,91.75,19.35,3.21,100.14,3.45,264.69
26.33,92.94,20.08,0.0,100.37,2.59,246.81
25.87,94.88,19.35,0.0,99.98,2.59,230.88
26.51,84.5,19.71,0.0,100.03,2.59,191.62
26.22,93.88,20.14,13.07,100.08,4.49,217.06
26.77,90.75,19.35,0.74,100.11,3.33,237.75
26.41,91.94,19.84,0.0,100.37,2.59,191.62
25.56,93.5,19.35,0.0,100.18,4.02,245.62
26.83,89.62,19.35,0.0,100.37,2.59,245.81
26.4,84.5,19.35,0.0,100.17,3.75,249.81
26.73,84.5,19.9,14.62,100.21,3.08,244.5
26.64,84.5,20.14,0.0,100.37,2.59,233.75
27.15,84.5,19.35,0.0,100.37,3.38,237.5
26.99,92.06,20.57,0.0,100.38,2.59,191.62
26.4,91.31,19.35,0.0,100.39,2.59,191.62
25.88,84.5,19.35,8.42,100.36,2.51,189.31
26.31,84.5,19.35,9.31,100.37,2.59,191.62
26.68,89.0,19.47,0.0,100.25,2.59,191.62
26.0,84.5,19.35,0.0,100.37,2.32,261.06
25.82,84.5,19.35,0.0,100.2,2.59,240.81
26.05,87.19,19.35,0.0,100.37,2.59,252.69
26.48,87.81,18.98,5.72,100.26,2.26,265.62
26.84,87.81,19.35,1.07,100.36,2.2,266.5
27.02,84.5,19.9,0.0,100.37,2.59,191.62
27.12,84.5,19.35,0.0,100.37,2.45,215.94
27.19,87.44,19.65,0.0,100.37,2.52,257.25
27.26,86.88,19.35,0.0,100.37,2.46,252.81
27.51,89.12,20.45,0.11,100.23,3.27,249.06
27.41,84.5,19.35,0.05,100.13,2.59,247.0
27.08,89.81,20.14,0.2,100.06,2.91,238.44
27.13,90.12,19.35,0.0,100.37,2.92,233.88
27.4,84.5,20.02,0.0,100.09,2.55,191.62
27.19,89.06,19.35,0.0,100.15,2.59,235.94
27.29,84.5,19.35,0.0,100.37,2.01,252.06
27.04,84.5,19.41,2.48,100.27,2.59,251.0
27.72,84.5,19.78,2.61,100.29,1.64,253.25
27.55,84.5,20.32,0.0,100.37,2.7,191.62
27.97,84.06,19.71,0.0,100.37,2.59,191.62
27.23,88.81,19.35,0.0,100.22,2.59,191.62
26.64,90.75,19.84,0.78,100.29,2.59,268.5
27.42,86.81,19.78,3.55,100.37,2.59,229.44
27.85,84.5,19.65,4.88,100.32,1.51,188.69
27.48,84.88,19.35,0.0,100.37,2.59,154.56
26.96,84.5,19.35,3.78,100.37,2.59,191.62
26.93,84.5,19.78,0.0,100.42,2.09,195.62
26.62,89.75,19.35,0.0,100.37,2.06,190.5
26.25,91.31,19.47,0.0,100.34,2.28,218.81
26.53,88.44,19.35,0.0,100.34,2.72,191.62
26.51,88.69,19.17,0.0,100.37,2.59,248.75
26.14,84.5,19.96,0.0,100.37,2.59,191.62
25.87,84.5,19.78,0.0,100.37,2.59,235.56
25.87,84.5,19.35,38.04,100.37,3.73,191.62
26.37,88.19,19.35,0.0,100.45,2.59,191.62
27.38,85.38,19.35,2.04,100.32,1.61,198.56
27.34,84.5,19.35,0.0,100.37,2.02,151.12
27.2,86.19,19.35,0.0,100.37,2.59,168.94
27.19,87.56,19.65,0.34,100.37,2.09,229.62
26.26,90.06,19.17,0.0,100.37,2.59,191.62
25.76,84.5,19.1,25.97,100.35,2.62,273.25
25.28,84.5,19.35,0.0,100.22,2.67,228.5
26.01,94.5,19.35,0.0,100.37,2.59,198.06
25.99,84.5,19.35,4.91,100.37,2.59,191.62
26.19,91.88,19.35,0.0,100.37,2.59,281.75
26.38,84.5,19.35,0.0,100.11,2.59,274.69
26.53,84.5,19.35,0.0,100.37,2.0,220.69
26.51,92.62,20.14,0.0,100.37,2.59,226.75
26.13,84.5,19.53,10.75,100.37,2.59,248.0
26.01,91.12,19.17,10.95,100.27,2.57,265.44
25.86,84.5,19.35,7.92,100.37,3.02,259.44
26.11,84.5,19.65,6.3,99.99,3.12,269.62
26.37,84.5,20.02,0.0,100.37,2.59,160.12
25.95,84.5,19.35,0.0,100.37,2.59,194.94
26.16,93.06,19.35,0.0,100.1,2.13,191.62
25.86,93.31,19.59,9.18,100.0,2.59,227.12
25.26,84.5,19.35,34.41,99.92,3.76,249.69
25.89,94.06,19.84,21.37,99.95,2.72,233.94
25.87,84.5,19.35,0.0,100.07,3.84,214.12
26.26,84.5,19.35,0.0,100.05,3.55,218.94
25.43,84.5,19.35,19.97,100.0,4.16,214.81
25.57,94.69,19.53,15.46,100.07,4.07,213.88
25.66,84.5,19.47,0.0,100.37,3.18,195.62
25.99,84.5,19.35,0.0,100.3,1.8,215.12
26.44,84.5,19.35,0.0,100.25,1.61,278.56
26.28,84.5,19.35,11.4,100.37,2.59,191.62
26.08,90.06,19.04,3.28,100.25,1.91,250.31
26.38,89.06,19.1,0.0,100.37,2.59,250.88
26.16,91.44,19.41,0.0,100.37,2.59,191.62
26.07,91.31,19.35,0.0,100.37,2.59,240.88
26.06,90.38,19.04,16.35,100.33,2.11,299.94
25.13,84.5,18.37,0.0,100.19,2.59,308.0
25.08,84.5,18.86,0.0,100.37,4.34,265.25
25.26,94.62,19.1,0.0,100.37,2.59,191.62
26.9,85.88,18.92,0.0,100.48,2.59,191.62
27.62,85.31,19.35,0.0,100.37,2.59,133.56
27.3,88.44,20.02,0.0,100.37,1.8,191.62
26.85,83.75,19.35,0.05,100.47,2.59,106.38
26.72,83.12,18.01,0.0,100.37,2.59,153.31
26.73,86.31,19.35,0.0,100.37,1.62,191.62
26.97,85.06,18.74,0.25,100.46,2.59,173.88
26.69,89.94,19.65,5.43,100.47,2.59,233.56
26.61,89.94,19.35,11.48,100.37,2.59,135.12
26.67,84.5,18.13,0.0,100.5,2.59,191.62
25.62,86.31,17.7,0.0,100.37,2.6,287.75
24.4,84.5,17.46,0.0,100.37,2.59,302.19
25.13,90.25,19.35,0.0,100.37,3.61,156.19
26.45,88.12,18.92,0.84,100.47,2.59,129.81
26.47,85.44,18.31,0.0,100.39,1.68,265.12
26.43,83.81,19.35,0.0,100.37,1.52,191.62
26.61,84.5,18.49,0.0,100.37,1.84,191.62
26.94,84.5,19.35,0.0,100.44,2.36,84.0
27.11,84.5,19.35,1.13,100.35,1.76,97.12
27.44,84.12,19.04,0.0,100.37,2.59,108.44
27.12,85.69,19.1,0.0,100.31,1.3,134.38
26.84,84.5,19.35,1.78,100.33,2.14,105.5
27.29,85.25,19.17,0.0,100.37,2.32,99.88
26.98,81.0,19.35,0.0,100.37,2.59,122.94
27.48,84.5,19.35,4.23,100.51,1.3,110.0
26.46,84.5,17.88,0.07,100.37,2.59,191.62
26.47,81.81,19.35,0.0,100.37,2.05,191.62
25.9,81.69,19.35,0.0,100.37,2.59,32.94
25.99,84.5,19.35,0.0,100.37,2.27,191.62
25.96,84.5,19.35,7.04,100.46,2.59,191.62
25.25,91.31,19.35,13.59,100.46,2.2,222.94
25.46,84.5,18.25,0.0,100.37,2.52,191.62
25.81,84.5,19.35,0.0,100.57,2.32,73.25
26.17,84.5,19.35,0.0,100.54,2.59,191.62
24.23,84.5,15.01,0.0,100.55,2.05,31.44
23.28,84.5,19.35,0.0,100.57,2.59,176.94
24.16,82.56,15.38,0.03,100.59,2.59,204.25
24.95,82.69,16.24,0.0,100.37,2.59,122.0
25.51,84.5,19.35,0.0,100.37,2.59,191.62
25.15,86.38,19.35,0.0,100.37,2.59,251.12
25.22,84.5,16.42,0.09,100.44,2.12,157.62
25.83,84.31,17.46,0.0,100.42,2.59,191.62
25.99,84.5,19.35,0.0,100.37,1.63,175.88
26.24,86.31,19.35,0.0,100.37,2.59,213.81
26.11,84.5,18.31,0.31,100.37,2.59,191.62
26.44,88.0,18.92,1.74,100.37,1.95,99.19
27.12,84.5,19.35,0.0,100.5,1.8,74.19
26.97,84.62,19.35,0.0,100.37,1.98,47.62
26.21,84.5,17.82,0.2,100.44,2.22,166.5
25.69,84.5,17.27,0.0,100.37,2.59,191.62
25.28,80.94,16.24,0.0,100.52,3.1,48.75
22.81,84.5,13.55,0.0,100.37,4.42,191.62
22.12,84.5,13.43,0.24,100.37,4.49,191.62
21.81,86.56,14.16,3.31,100.37,2.59,191.62
23.0,84.5,16.42,0.0,100.37,3.79,191.62
24.75,90.94,17.7,8.23,100.35,2.91,102.0
25.67,84.5,19.35,0.0,100.42,2.45,96.38
26.5,84.5,18.01,0.0,100.46,1.34,162.44
26.23,84.5,17.94,0.0,100.37,2.59,191.62
25.56,84.5,16.85,0.0,100.38,2.59,238.62
25.76,84.5,19.35,0.0,100.37,1.81,192.12
24.66,84.5,19.35,0.12,100.5,2.42,63.5
22.62,82.06,19.35,0.0,100.37,2.59,60.81
22.52,84.5,19.35,0.0,100.37,2.82,112.69
22.44,83.44,14.1,0.01,100.61,2.58,216.06
25.03,84.5,15.87,0.0,100.37,1.56,191.62
25.54,83.25,19.35,0.0,100.37,2.02,120.75
25.59,84.5,17.58,4.31,100.37,2.59,34.81
25.93,83.5,19.35,0.0,100.37,1.77,65.25
26.37,84.5,16.97,0.0,100.37,2.59,191.62
25.11,80.69,19.35,0.0,100.42,2.59,35.38
24.12,84.5,14.65,0.0,100.37,2.5,191.62
23.82,78.06,14.22,0.0,100.37,2.59,53.88
23.79,79.06,19.35,0.0,100.64,2.59,191.62
21.46,76.19,12.02,0.0,100.37,3.35,62.31
20.82,84.5,11.54,0.0,100.69,1.81,244.62
23.4,79.0,19.35,0.0,100.37,1.31,184.31
23.87,80.38,19.35,0.0,100.37,2.59,191.62
23.72,84.5,14.34,0.0,100.5,2.59,191.62
23.46,78.75,13.92,0.0,100.37,2.59,39.12
22.4,76.56,19.35,0.0,100.37,2.59,22.31
22.17,84.5,19.35,0.0,100.66,1.5,186.62
24.5,84.5,19.35,0.0,100.57,1.16,186.12
24.92,84.5,16.36,0.0,100.37,1.46,191.62
25.12,86.81,17.15,0.12,100.37,1.63,200.81
25.19,85.56,16.97,0.01,100.5,1.57,181.81
25.62,83.56,19.35,0.0,100.55,2.59,196.44
25.64,82.44,16.72,0.0,100.37,2.59,140.25
25.9,84.5,19.35,0.0,100.37,1.32,96.12
26.07,77.25,15.99,0.0,100.45,1.67,139.75
26.61,84.5,16.54,0.0,100.57,1.76,124.62
24.79,84.5,19.35,0.0,100.65,2.59,63.94
24.19,72.56,13.31,0.0,100.37,2.59,191.62
25.07,78.19,15.32,0.0,100.69,1.69,127.44
26.3,77.0,19.35,0.0,100.37,2.59,123.69
25.27,72.19,13.85,0.0,100.37,2.59,87.81
25.15,72.56,19.35,0.0,100.37,2.59,68.56
25.8,84.5,19.35,0.0,100.72,1.63,45.0
25.85,71.88,14.4,0.0,100.62,2.59,191.62
26.58,84.5,19.35,0.0,100.5,2.59,191.62
27.24,84.5,19.35,0.0,100.37,1.68,104.0
27.21,84.5,19.35,0.0,100.37,2.59,206.81
27.66,84.5,19.35,0.0,100.37,2.59,159.44
27.25,84.5,19.35,0.81,100.37,1.23,191.62
26.36,79.12,16.66,1.74,100.37,2.59,216.69
25.98,84.5,19.35,0.04,100.63,2.59,212.5
25.29,84.5,14.04,0.0,100.37,2.59,196.06
24.86,84.5,19.35,0.0,100.37,2.59,172.44
24.83,84.5,19.35,0.0,100.37,2.08,191.62
24.93,84.5,19.35,0.0,100.58,2.82,121.81
25.29,84.5,12.63,0.0,100.69,2.96,104.75
25.03,63.0,11.78,0.0,100.37,2.59,78.19
25.29,84.5,12.33,0.0,100.83,2.59,191.62
24.67,84.5,11.54,0.0,100.78,2.12,77.56
25.01,62.06,19.35,0.0,100.37,2.05,82.06
25.3,66.69,19.35,0.0,100.37,2.59,96.81
26.01,84.5,19.35,0.0,100.53,2.59,191.62
26.9,84.5,19.35,0.0,100.37,2.22,191.62
27.26,84.5,19.35,0.0,100.37,2.59,209.62
27.71,70.19,19.35,0.0,100.37,2.52,191.62
27.52,84.5,15.2,0.0,100.26,3.22,136.75
28.24,67.81,19.35,0.0,100.37,4.7,131.12
28.66,84.5,15.75,0.0,100.37,2.59,191.62
28.86,84.5,19.35,0.0,100.57,3.69,191.62
28.63,64.62,14.83,0.0,100.37,2.59,191.62
28.99,62.12,14.34,0.0,100.6,4.52,110.12
27.63,64.38,13.24,0.0,100.65,4.81,120.88
27.81,84.5,19.35,0.0,100.67,2.59,116.81
28.55,65.25,14.4,0.0,100.37,2.59,118.56
28.71,84.5,13.67,0.0,100.37,2.59,98.12
29.12,55.56,19.35,0.0,100.62,2.59,191.62
29.53,55.81,13.37,0.0,100.58,2.74,100.31
30.05,84.5,19.35,0.0,100.37,3.22,103.31
30.14,84.5,19.35,0.0,100.37,2.86,94.31
30.05,49.62,19.35,0.0,100.37,2.59,108.62
29.29,56.62,19.35,0.0,100.45,2.44,159.25
28.71,58.56,19.35,0.0,100.43,2.1,128.94
28.88,62.31,14.34,0.0,100.4,2.92,138.44
28.9,60.19,19.35,0.0,100.37,3.67,191.62
29.4,84.5,19.35,0.0,100.3,4.31,133.38
30.12,62.12,15.44,0.0,100.24,3.62,135.38
30.33,84.5,19.35,0.0,100.37,3.66,138.38
30.22,84.5,19.35,0.0,100.22,3.82,135.62
31.33,53.75,14.04,0.15,100.36,3.51,84.44
30.9,84.5,14.4,0.0,100.43,2.59,69.88
31.86,84.5,14.28,0.28,100.37,2.59,191.62
31.62,54.62,19.35,0.0,100.37,2.59,109.0
31.33,55.88,19.35,0.04,100.26,2.59,191.62
31.0,57.88,19.35,0.0,100.37,2.59,121.12
30.91,57.56,14.77,0.0,100.21,4.92,134.56
30.62,84.5,15.99,0.0,100.15,2.59,191.62
30.65,59.12,19.35,0.0,100.08,2.59,191.62
31.43,84.5,19.35,0.0,100.37,3.64,164.5
31.12,84.5,19.35,0.0,100.05,3.66,161.5
32.01,84.5,19.35,0.0,100.15,3.44,183.5
30.85,84.5,19.35,0.0,100.19,4.91,134.44
30.26,84.5,19.35,0.0,100.37,4.8,130.06
31.07,55.5,14.28,0.0,100.37,4.1,112.0
31.15,55.25,14.77,0.0,100.37,2.59,112.19
31.9,84.5,14.59,0.0,100.4,2.59,191.62
31.08,58.12,15.56,0.79,100.33,2.59,181.25
30.05,64.5,19.35,3.67,100.35,2.59,191.62
30.78,84.5,19.35,0.0,100.37,4.05,105.69
30.67,60.25,15.81,0.37,100.37,2.59,111.0
30.01,63.62,19.35,0.0,100.37,5.15,122.81
29.92,68.25,17.33,0.89,100.54,4.18,137.19
30.28,84.5,19.35,2.19,100.37,3.53,154.25
27.71,84.5,18.43,0.0,100.37,2.75,191.62
29.4,69.06,19.35,0.0,100.37,2.59,156.06
30.22,62.31,19.35,0.0,100.53,2.68,137.5
28.73,70.94,17.03,4.02,100.55,2.3,155.94
28.55,84.5,19.35,5.14,100.4,2.48,196.62
29.44,71.81,19.35,0.0,100.37,1.9,217.69
28.18,80.56,19.1,2.79,100.37,2.27,228.19
28.2,84.5,19.35,0.0,100.37,2.54,233.94
27.33,85.19,19.23,0.0,100.37,2.59,239.62
28.58,74.62,19.35,0.24,100.33,2.4,214.75
28.55,84.5,19.35,0.0,100.36,2.63,219.5
28.82,84.5,18.68,22.29,100.31,2.73,192.0
27.37,85.38,19.35,38.59,100.49,2.59,151.31
27.66,79.69,18.13,9.54,100.59,3.51,118.19
28.08,84.5,17.58,0.0,100.37,3.72,118.81
28.21,84.5,18.13,1.92,100.37,2.59,191.62
27.5,84.5,19.23,7.19,100.48,2.88,121.56
29.23,74.38,18.37,0.19,100.37,3.75,114.44
29.59,70.44,19.35,0.0,100.37,3.45,191.62
29.94,84.5,17.46,0.0,100.37,2.59,191.62
28.75,84.5,17.88,5.28,100.37,2.59,108.69
27.92,84.38,19.71,9.02,100.37,3.33,96.0
29.12,84.5,19.35,1.77,100.37,1.68,191.62
28.97,75.75,18.55,0.29,100.33,2.31,86.75
28.99,84.5,19.35,0.0,100.25,2.41,191.62
29.19,84.5,19.35,0.0,100.26,3.06,137.62
29.5,75.12,18.86,0.0,100.22,2.95,136.19
29.67,74.75,19.04,0.0,100.37,2.59,191.62
30.22,67.81,19.35,0.0,100.1,3.33,137.56
28.69,78.31,19.1,2.07,100.13,2.59,126.56
29.05,84.5,19.71,0.0,100.18,3.13,191.62
29.9,84.5,19.35,0.0,100.18,2.59,140.0
27.82,84.5,19.35,0.0,100.27,2.52,153.31
27.54,84.5,19.35,0.0,100.3,2.59,191.62
27.99,86.44,19.35,0.0,100.37,2.59,170.12
28.37,84.5,20.02,0.0,100.3,2.59,180.69
27.8,88.81,19.35,0.0,100.3,2.69,218.75
26.87,90.44,19.35,13.41,100.37,2.59,191.62
26.47,84.5,19.96,0.0,100.37,2.59,191.62
26.01,93.25,19.65,0.0,100.37,2.59,244.31
26.3,84.5,19.35,0.0,100.28,3.02,260.5
25.96,84.5,19.35,0.0,100.37,3.38,191.62
26.97,84.5,19.35,0.0,100.3,2.12,212.25
27.52,87.19,19.96,0.0,100.37,2.29,179.38
27.88,86.69,19.35,0.0,100.37,2.59,191.62
28.12,85.25,20.2,0.0,100.37,2.23,191.62
28.09,86.06,20.39,0.02,100.12,2.83,253.44
27.97,84.5,19.35,0.31,100.37,2.59,191.62
27.7,88.0,19.35,3.47,100.37,2.59,228.62
27.75,87.69,20.39,0.0,100.37,2.34,237.94
28.48,84.5,19.35,0.13,100.26,2.59,191.62
28.01,87.75,20.69,0.0,100.37,2.59,244.94
27.33,84.5,19.35,0.0,100.26,3.3,247.25
26.65,84.5,19.35,0.0,100.37,2.59,232.75
26.25,89.25,19.35,0.0,100.37,3.0,222.81
26.54,84.5,19.17,0.0,100.32,2.59,191.62
26.22,90.94,19.41,19.36,100.37,4.04,255.88
25.99,89.38,18.74,6.79,100.17,4.17,243.75
25.79,90.0,18.68,23.4,100.37,2.59,191.62
26.26,88.75,18.92,0.0,100.37,2.59,191.62
27.21,84.5,19.35,0.0,100.37,2.59,242.88
26.49,91.75,19.35,0.0,100.37,3.44,191.62
26.51,84.69,19.35,0.0,100.41,3.19,278.44
26.52,87.62,18.86,0.35,100.48,2.73,258.81
26.71,84.5,19.35,0.0,100.49,2.59,191.62
26.87,88.62,19.53,4.05,100.44,2.59,236.94
27.08,84.5,19.35,0.0,100.37,3.7,235.31
27.01,84.5,19.35,7.76,100.33,4.48,226.5
26.87,89.0,19.35,0.0,100.38,2.59,191.62
27.08,88.06,19.65,0.0,100.37,3.42,244.81
27.01,88.44,19.65,0.0,100.37,2.59,253.5
27.04,84.5,19.78,0.0,100.24,2.59,223.44
26.95,84.5,19.59,0.0,100.37,2.4,191.62
27.37,84.5,19.35,0.01,100.46,2.21,191.62
27.47,85.88,19.53,0.2,100.37,2.84,232.44
27.15,87.69,19.35,2.54,100.37,2.59,191.62
26.34,89.25,19.35,0.0,100.37,2.72,248.19
27.04,84.5,19.35,0.31,100.37,2.41,191.62
27.54,84.5,19.35,0.0,100.35,2.65,240.31
27.37,87.06,19.84,0.0,100.21,2.01,244.44
27.15,91.0,20.51,0.27,100.17,2.59,217.06
26.75,90.12,19.84,8.94,100.14,3.05,238.75
26.23,84.5,19.35,34.85,100.37,2.59,191.62
25.78,84.5,19.35,0.0,100.21,2.78,238.69
25.89,92.5,19.35,0.0,100.37,3.93,191.62
25.98,90.5,18.98,16.05,100.37,2.45,187.44
26.84,86.19,18.98,1.1,100.23,2.83,160.12
27.07,84.12,19.35,0.0,100.37,2.59,131.94
26.55,84.5,19.35,0.0,100.35,2.64,137.56
27.45,85.62,19.47,8.27,100.37,2.59,191.62
26.44,84.5,19.35,0.0,100.37,2.16,204.12
26.47,88.44,19.35,31.64,100.32,2.59,191.62
26.65,84.5,18.86,0.0,100.4,2.59,258.81
26.84,88.19,19.47,1.92,100.22,3.71,257.38
26.57,84.5,19.78,0.0,100.37,2.59,253.12
26.11,84.5,19.04,0.0,100.37,2.59,250.94
26.83,84.5,19.29,0.0,100.37,2.59,251.19
26.3,84.5,19.35,0.0,100.37,4.11,243.69
27.04,84.5,19.35,2.09,100.23,2.59,246.62
26.5,90.12,19.35,0.0,100.19,4.42,191.62
26.7,87.38,19.35,0.0,100.37,5.87,246.62
26.63,84.5,19.35,11.96,100.37,2.59,248.75
26.97,89.5,19.96,0.0,100.37,4.54,253.38
27.2,89.06,20.08,7.78,100.09,5.03,254.94
26.65,84.5,19.35,0.0,100.37,4.63,253.44
27.12,90.75,19.35,8.48,100.2,2.59,191.62
26.87,84.5,19.35,5.15,100.37,5.05,191.62
26.99,84.5,19.35,0.0,100.37,4.48,191.62
27.05,84.5,19.59,0.0,100.37,5.1,191.62
26.73,84.5,19.35,0.0,100.18,4.91,242.44
26.75,84.5,19.9,3.25,100.25,2.59,191.62
26.73,91.5,20.08,17.27,100.37,4.43,243.25
26.86,89.31,19.71,0.0,100.3,4.66,242.88
26.69,84.5,19.29,2.92,100.37,2.59,191.62
27.15,88.25,19.35,0.12,100.37,4.26,191.62
27.76,88.75,20.69,1.57,100.3,3.74,249.69
27.76,89.75,20.94,8.31,100.37,3.61,240.88
27.53,90.0,20.75,5.98,100.15,3.54,218.44
27.36,84.5,19.35,5.96,100.39,3.33,191.62
27.46,87.06,19.78,5.43,100.56,2.59,226.88
26.86,89.0,19.35,0.0,100.37,2.59,246.94
26.57,84.5,19.35,0.0,100.28,2.26,242.56
26.65,84.5,18.68,0.0,100.37,2.59,273.75
27.08,84.5,19.35,0.0,100.37,2.59,191.62
27.89,84.5,18.49,1.17,100.49,1.62,117.94
27.66,84.5,19.35,0.0,100.34,2.02,191.62
26.85,84.5,19.1,8.7,100.32,2.45,222.44
26.94,84.56,19.35,0.0,100.37,2.59,197.75
27.3,84.81,19.1,1.79,100.41,1.94,222.25
26.9,89.56,19.84,3.48,100.3,2.46,235.5
26.49,90.38,19.53,3.44,100.3,2.81,232.62
26.66,84.5,19.65,0.0,100.37,2.59,191.62
26.17,90.06,19.35,32.54,100.37,3.33,191.62
26.35,89.44,19.35,8.27,100.37,2.59,191.62
26.48,84.5,18.8,6.36,100.24,2.43,246.88
26.65,84.5,19.23,0.0,100.18,2.59,191.62
26.47,84.5,19.35,0.0,100.37,2.79,227.62
27.17,84.5,19.35,0.0,100.25,1.08,231.12
26.86,87.94,19.35,0.0,100.33,1.55,191.62
26.96,84.5,19.35,0.0,100.3,2.59,197.88
26.9,88.25,19.47,7.83,100.37,2.38,195.25
26.16,91.69,19.47,32.84,100.37,2.59,227.31
25.71,90.81,19.35,0.0,100.29,4.44,191.62
23.79,84.5,19.35,0.0,100.37,3.2,282.06
26.13,84.5,18.68,0.0,100.36,2.59,278.81
26.08,90.25,19.35,0.0,100.26,2.59,238.25
26.51,84.5,19.59,8.54,100.37,2.89,191.62
26.14,93.81,19.35,15.49,100.37,3.63,204.31
26.11,93.69,19.35,0.0,100.37,3.34,228.5
25.74,93.81,19.53,4.3,100.16,4.95,254.31
26.55,84.5,19.35,0.0,100.37,5.55,264.0
25.64,84.5,19.35,7.54,100.07,4.91,251.38
25.61,84.5,18.86,23.85,100.37,2.27,191.62
25.61,90.12,19.35,0.0,100.37,2.59,187.38
26.18,87.62,18.55,0.62,100.44,1.88,159.31
26.91,84.5,19.35,0.0,100.37,2.59,164.38
26.44,89.5,19.29,1.88,100.35,1.92,157.38
25.53,84.5,19.59,24.32,100.25,2.59,191.62
26.08,84.5,19.35,0.0,100.35,2.32,191.62
26.44,89.5,19.35,12.01,100.3,2.59,191.62
26.3,84.5,19.35,0.0,100.31,2.28,231.19
25.81,92.75,19.35,0.0,100.33,3.17,191.62
26.21,90.5,19.35,0.0,100.37,2.7,233.19
26.52,84.5,19.35,3.71,100.29,1.88,214.12
26.44,84.5,19.17,0.0,100.27,2.59,124.62
27.16,87.69,19.35,0.0,100.26,2.59,191.62
27.78,84.69,19.65,0.69,100.37,2.59,140.56
27.8,85.62,19.96,22.31,100.22,1.72,210.44
26.99,88.94,19.35,35.42,100.37,2.25,191.62
26.51,90.0,19.35,0.0,100.4,1.64,191.62
26.12,84.5,19.29,24.6,100.37,2.59,241.44
26.52,84.5,19.35,2.19,100.32,1.49,241.25
27.1,84.5,19.35,0.0,100.37,1.42,238.88
26.14,84.5,19.23,29.86,100.08,2.59,191.62
25.78,84.5,19.35,20.32,100.37,2.59,246.69
26.19,92.31,19.35,0.0,100.37,2.59,253.81
26.4,94.06,20.39,0.0,100.37,4.38,237.75
26.35,93.44,20.14,0.0,100.37,2.59,244.56
26.85,91.56,19.35,0.0,100.37,4.03,249.88
26.3,94.75,19.35,21.15,100.37,3.81,241.0
25.28,93.69,19.35,15.42,100.04,2.59,191.62
25.51,84.5,19.35,0.0,99.87,4.74,240.19
26.51,84.5,20.32,33.99,100.02,2.59,191.62
26.57,84.5,19.84,0.0,100.37,2.59,191.62
25.37,84.5,19.35,15.34,100.27,2.3,191.62
25.3,84.5,19.35,9.37,100.32,2.77,261.75
25.99,84.5,19.35,0.0,100.47,1.96,162.94
26.8,89.56,19.35,0.91,100.37,2.59,191.62
27.01,90.5,20.14,8.51,100.37,2.59,217.31
26.17,84.5,19.41,0.0,100.62,2.23,191.62
26.23,84.5,19.35,0.0,100.64,2.59,128.69
27.2,84.5,19.35,0.0,100.37,1.5,143.75
27.02,80.12,17.58,0.0,100.37,1.62,199.0
27.08,82.75,19.35,0.0,100.37,2.59,164.88
26.68,88.19,19.35,0.0,100.28,2.59,191.62
26.53,84.5,19.35,0.0,100.37,2.59,191.62
26.59,90.25,19.59,1.12,100.37,2.59,126.06
27.2,86.25,19.23,0.0,100.37,2.23,111.62
26.57,84.5,19.35,0.0,100.37,2.71,136.5
26.35,84.5,19.35,1.2,100.37,2.59,191.62
27.26,84.5,19.35,2.35,100.53,2.34,94.62
27.39,84.5,19.35,1.75,100.37,2.59,191.62
26.78,84.5,19.35,5.14,100.48,1.76,98.5
26.54,84.5,18.86,0.36,100.37,2.19,191.62
26.04,84.5,19.35,0.0,100.36,2.16,196.19
26.88,88.25,19.47,0.0,100.37,2.59,120.56
27.43,84.5,20.02,0.0,100.37,2.59,114.62
27.04,88.75,19.78,1.97,100.26,2.89,109.5
26.05,88.88,19.35,2.17,100.37,2.59,191.62
26.58,84.5,19.35,0.0,100.43,2.17,55.12
25.85,84.5,19.35,0.0,100.36,2.13,121.38
26.17,84.5,19.23,0.0,100.37,2.48,191.62
26.61,88.75,19.35,0.0,100.37,2.59,122.0
26.26,88.12,18.74,0.0,100.37,2.59,191.62
26.34,84.5,19.35,0.0,100.37,2.7,130.81
25.82,84.5,19.17,0.0,100.37,2.59,139.56
26.4,84.5,19.35,1.48,100.37,2.01,191.62
26.16,84.5,19.35,0.0,100.28,2.59,191.62
27.03,84.5,19.35,0.54,100.16,1.56,224.31
27.08,84.5,19.35,0.0,100.16,2.59,191.62
27.15,84.5,19.71,0.1,100.27,2.59,191.62
26.23,92.88,19.35,0.0,100.35,3.23,111.5
27.35,83.81,18.92,1.69,100.37,1.79,132.69
25.58,90.06,18.49,5.0,100.37,1.53,182.69
26.04,88.94,18.68,1.78,100.44,2.59,163.62
25.74,85.38,19.35,0.0,100.37,1.48,191.62
24.3,91.75,19.35,0.0,100.37,2.87,191.62
25.14,90.75,19.35,0.0,100.37,2.59,144.75
24.94,94.31,19.35,0.0,100.37,3.61,138.5
25.02,95.31,19.35,0.0,100.37,2.73,123.75
24.89,84.5,17.09,0.07,100.37,1.7,191.62
24.88,84.5,19.35,0.05,100.64,1.38,152.19
24.48,84.5,19.35,0.05,100.74,1.77,148.5
22.59,81.06,13.73,0.0,100.37,2.59,191.62
23.51,83.44,15.01,0.0,100.37,2.59,191.62
24.76,81.12,15.62,0.0,100.58,1.83,105.31
24.14,83.19,19.35,0.0,100.37,2.15,211.94
24.86,81.56,15.87,0.04,100.66,1.35,138.75
25.12,84.5,19.35,0.0,100.68,1.86,162.06
24.39,84.5,15.38,0.04,100.66,1.91,130.56
23.99,82.25,15.14,0.0,100.68,2.59,191.62
25.95,80.75,19.35,0.0,100.37,1.44,145.69
25.51,84.5,19.35,0.0,100.53,2.05,191.62
25.62,84.5,19.35,0.0,100.41,1.41,187.94
26.7,84.5,19.35,0.0,100.37,2.59,191.62
27.4,84.5,18.49,0.29,100.39,1.46,114.81
27.08,83.38,19.35,0.0,100.42,1.14,191.62
24.53,84.69,16.17,0.0,100.37,2.12,111.5
23.95,84.5,15.5,0.0,100.45,2.87,191.62
24.45,84.69,16.05,0.0,100.63,1.66,148.75
25.33,84.5,19.35,0.0,100.66,2.0,129.44
25.66,87.06,17.76,2.02,100.58,1.74,97.31
24.66,88.06,16.97,0.89,100.56,2.86,115.5
25.31,84.5,19.35,0.0,100.37,1.64,110.69
26.29,80.81,17.03,0.01,100.61,1.34,81.25
26.51,80.38,17.15,0.0,100.37,1.14,129.88
26.42,84.5,19.35,0.0,100.77,1.61,191.62
25.58,84.62,19.35,0.0,100.69,2.59,191.62
25.67,84.5,17.09,0.0,100.68,2.59,191.62
25.49,81.38,16.36,0.0,100.77,2.59,79.81
24.83,79.62,15.38,0.0,100.37,2.7,40.94
